dev,alg,reps,n,bs,q,lr,t,q/s,ns/q,construction
NVIDIA GeForce RTX 3090 Ti,[GPU] RTX_cast,16,1000000,1000000,67108864,-1,2.178315,492923187.520994,2.028714,4.405115
NVIDIA GeForce RTX 3090 Ti,[GPU] RTX_cast,16,1000000,1000000,67108864,-1,1.784857,601584375.810354,1.662277,4.366039
NVIDIA GeForce RTX 3090 Ti,[GPU] RTX_cast,16,1000000,1000000,67108864,-1,1.627375,659799975.472143,1.515611,6.468115
NVIDIA GeForce RTX 3090 Ti,[GPU] RTX_cast,16,1000000,1000000,67108864,-1,1.447441,741820768.030056,1.348035,4.394398
NVIDIA GeForce RTX 3090 Ti,[GPU] RTX_cast,16,1000000,1000000,67108864,-1,1.470709,730084372.343076,1.369705,4.427541
NVIDIA GeForce RTX 3090 Ti,[GPU] RTX_cast,16,1000000,1000000,67108864,-1,1.246605,861333021.373485,1.160991,4.401741
NVIDIA GeForce RTX 3090 Ti,[GPU] RTX_cast,16,1000000,1000000,67108864,-1,1.195425,898209514.671570,1.113326,4.346956
NVIDIA GeForce RTX 3090 Ti,[GPU] RTX_cast,16,1000000,1000000,67108864,-1,1.555221,690410949.680045,1.448413,4.376442
NVIDIA GeForce RTX 3090 Ti,[GPU] RTX_cast,16,1000000,1000000,67108864,-1,1.406825,763237821.054382,1.310208,4.507151
NVIDIA GeForce RTX 3090 Ti,[GPU] RTX_cast,16,1000000,1000000,67108864,-1,1.075321,998531282.522221,1.001471,4.416684
NVIDIA GeForce RTX 3090 Ti,[GPU] RTX_cast,16,1000000,1000000,67108864,-1,1.016983,1055810762.471078,0.947139,4.423889
NVIDIA GeForce RTX 3090 Ti,[GPU] RTX_cast,16,1000000,1000000,67108864,-1,1.011247,1061799367.816943,0.941798,4.412904
NVIDIA GeForce RTX 3090 Ti,[GPU] RTX_cast,16,1000000,1000000,67108864,-1,1.107297,969696213.815974,1.031251,4.364941
NVIDIA GeForce RTX 3090 Ti,[GPU] RTX_cast,16,1000000,1000000,67108864,-1,1.248394,860098400.064536,1.162658,4.335675
NVIDIA GeForce RTX 3090 Ti,[GPU] RTX_cast,16,1000000,1000000,67108864,-1,1.271909,844197253.509485,1.184557,4.349175
NVIDIA GeForce RTX 3090 Ti,[GPU] RTX_cast,16,1000000,1000000,67108864,-1,1.531528,701091943.315132,1.426346,4.466050
NVIDIA GeForce RTX 3090 Ti,[GPU] RTX_cast,16,2000000,2000000,67108864,-1,2.505497,428554453.864769,2.333426,8.626698
NVIDIA GeForce RTX 3090 Ti,[GPU] RTX_cast,16,2000000,2000000,67108864,-1,2.345930,457704084.752829,2.184818,8.719789
NVIDIA GeForce RTX 3090 Ti,[GPU] RTX_cast,16,2000000,2000000,67108864,-1,2.083354,515391022.272086,1.940274,8.636592
NVIDIA GeForce RTX 3090 Ti,[GPU] RTX_cast,16,2000000,2000000,67108864,-1,2.682735,400241499.335759,2.498492,8.703434
NVIDIA GeForce RTX 3090 Ti,[GPU] RTX_cast,16,2000000,2000000,67108864,-1,1.688082,636071927.303446,1.572149,8.571220
NVIDIA GeForce RTX 3090 Ti,[GPU] RTX_cast,16,2000000,2000000,67108864,-1,2.510588,427685415.041453,2.338167,8.620949
NVIDIA GeForce RTX 3090 Ti,[GPU] RTX_cast,16,2000000,2000000,67108864,-1,2.126187,505008059.731327,1.980166,8.607981
NVIDIA GeForce RTX 3090 Ti,[GPU] RTX_cast,16,2000000,2000000,67108864,-1,2.263392,474395021.806947,2.107948,8.634056
NVIDIA GeForce RTX 3090 Ti,[GPU] RTX_cast,16,2000000,2000000,67108864,-1,2.099776,511360205.051646,1.955569,8.628162
NVIDIA GeForce RTX 3090 Ti,[GPU] RTX_cast,16,2000000,2000000,67108864,-1,2.326598,461507309.231392,2.166813,8.757874
NVIDIA GeForce RTX 3090 Ti,[GPU] RTX_cast,16,2000000,2000000,67108864,-1,2.424677,442839073.006455,2.258157,8.780008
NVIDIA GeForce RTX 3090 Ti,[GPU] RTX_cast,16,2000000,2000000,67108864,-1,2.145792,500394293.688522,1.998424,8.728656
NVIDIA GeForce RTX 3090 Ti,[GPU] RTX_cast,16,2000000,2000000,67108864,-1,1.868480,574660561.030808,1.740158,8.693673
NVIDIA GeForce RTX 3090 Ti,[GPU] RTX_cast,16,2000000,2000000,67108864,-1,2.258645,475391971.138673,2.103527,8.707572
NVIDIA GeForce RTX 3090 Ti,[GPU] RTX_cast,16,2000000,2000000,67108864,-1,2.487644,431629967.983759,2.316799,8.629993
NVIDIA GeForce RTX 3090 Ti,[GPU] RTX_cast,16,2000000,2000000,67108864,-1,1.992763,538820650.837007,1.855905,8.618241
NVIDIA GeForce RTX 3090 Ti,[GPU] RTX_cast,16,3000000,3000000,67108864,-1,3.352106,320318581.143821,3.121892,12.503220
NVIDIA GeForce RTX 3090 Ti,[GPU] RTX_cast,16,3000000,3000000,67108864,-1,3.068017,349979116.152448,2.857313,13.985321
NVIDIA GeForce RTX 3090 Ti,[GPU] RTX_cast,16,3000000,3000000,67108864,-1,1.972522,544349639.465501,1.837055,12.488263
NVIDIA GeForce RTX 3090 Ti,[GPU] RTX_cast,16,3000000,3000000,67108864,-1,3.927017,273424314.929755,3.657319,12.555330
NVIDIA GeForce RTX 3090 Ti,[GPU] RTX_cast,16,3000000,3000000,67108864,-1,2.906677,369405277.324761,2.707054,12.547731
NVIDIA GeForce RTX 3090 Ti,[GPU] RTX_cast,16,3000000,3000000,67108864,-1,2.550085,421061155.863262,2.374952,12.522465
NVIDIA GeForce RTX 3090 Ti,[GPU] RTX_cast,16,3000000,3000000,67108864,-1,3.547105,302709323.803115,3.303499,12.656137
NVIDIA GeForce RTX 3090 Ti,[GPU] RTX_cast,16,3000000,3000000,67108864,-1,3.575900,300271799.164396,3.330316,12.435099
NVIDIA GeForce RTX 3090 Ti,[GPU] RTX_cast,16,3000000,3000000,67108864,-1,2.798411,383697019.627317,2.606223,12.446341
NVIDIA GeForce RTX 3090 Ti,[GPU] RTX_cast,16,3000000,3000000,67108864,-1,3.867350,277642812.896227,3.601750,14.190969
NVIDIA GeForce RTX 3090 Ti,[GPU] RTX_cast,16,3000000,3000000,67108864,-1,3.464448,309931553.003091,3.226519,12.517115
NVIDIA GeForce RTX 3090 Ti,[GPU] RTX_cast,16,3000000,3000000,67108864,-1,3.527876,304359246.901112,3.285591,12.394814
NVIDIA GeForce RTX 3090 Ti,[GPU] RTX_cast,16,3000000,3000000,67108864,-1,2.472142,434336570.851663,2.302362,12.512308
NVIDIA GeForce RTX 3090 Ti,[GPU] RTX_cast,16,3000000,3000000,67108864,-1,2.751740,390204749.845645,2.562757,12.513978
NVIDIA GeForce RTX 3090 Ti,[GPU] RTX_cast,16,3000000,3000000,67108864,-1,3.307889,324600351.012229,3.080711,12.456184
NVIDIA GeForce RTX 3090 Ti,[GPU] RTX_cast,16,3000000,3000000,67108864,-1,2.613070,410912067.625806,2.433611,12.477952
NVIDIA GeForce RTX 3090 Ti,[GPU] RTX_cast,16,4000000,4000000,67108864,-1,3.720632,288591220.640288,3.465109,16.535299
NVIDIA GeForce RTX 3090 Ti,[GPU] RTX_cast,16,4000000,4000000,67108864,-1,2.756174,389576961.018622,2.566887,16.451933
NVIDIA GeForce RTX 3090 Ti,[GPU] RTX_cast,16,4000000,4000000,67108864,-1,3.137781,342197768.074375,2.922287,16.510002
NVIDIA GeForce RTX 3090 Ti,[GPU] RTX_cast,16,4000000,4000000,67108864,-1,2.659275,403772331.284441,2.476643,16.403524
NVIDIA GeForce RTX 3090 Ti,[GPU] RTX_cast,16,4000000,4000000,67108864,-1,3.269250,328436768.122584,3.044726,18.316029
NVIDIA GeForce RTX 3090 Ti,[GPU] RTX_cast,16,4000000,4000000,67108864,-1,3.467442,309663926.738148,3.229307,16.561028
NVIDIA GeForce RTX 3090 Ti,[GPU] RTX_cast,16,4000000,4000000,67108864,-1,4.003470,268202792.042279,3.728522,16.480480
NVIDIA GeForce RTX 3090 Ti,[GPU] RTX_cast,16,4000000,4000000,67108864,-1,3.272676,328092941.608131,3.047917,16.671259
NVIDIA GeForce RTX 3090 Ti,[GPU] RTX_cast,16,4000000,4000000,67108864,-1,3.568858,300864268.354408,3.323758,16.487635
NVIDIA GeForce RTX 3090 Ti,[GPU] RTX_cast,16,4000000,4000000,67108864,-1,3.863757,277900983.315755,3.598404,16.518154
NVIDIA GeForce RTX 3090 Ti,[GPU] RTX_cast,16,4000000,4000000,67108864,-1,2.590659,414466608.047371,2.412740,16.505623
NVIDIA GeForce RTX 3090 Ti,[GPU] RTX_cast,16,4000000,4000000,67108864,-1,4.123086,260421857.103455,3.839923,16.438589
NVIDIA GeForce RTX 3090 Ti,[GPU] RTX_cast,16,4000000,4000000,67108864,-1,3.053671,351623323.389220,2.843952,18.442215
NVIDIA GeForce RTX 3090 Ti,[GPU] RTX_cast,16,4000000,4000000,67108864,-1,4.142168,259222183.190226,3.857695,17.243317
NVIDIA GeForce RTX 3090 Ti,[GPU] RTX_cast,16,4000000,4000000,67108864,-1,3.976948,269991449.815057,3.703821,16.535978
NVIDIA GeForce RTX 3090 Ti,[GPU] RTX_cast,16,4000000,4000000,67108864,-1,3.497428,307008987.917949,3.257234,16.505877
NVIDIA GeForce RTX 3090 Ti,[GPU] RTX_cast,16,5000000,5000000,67108864,-1,5.302808,202485513.834200,4.938625,20.309509
NVIDIA GeForce RTX 3090 Ti,[GPU] RTX_cast,16,5000000,5000000,67108864,-1,4.186942,256450107.459739,3.899394,24.909096
NVIDIA GeForce RTX 3090 Ti,[GPU] RTX_cast,16,5000000,5000000,67108864,-1,4.201594,255555840.923459,3.913039,20.268559
NVIDIA GeForce RTX 3090 Ti,[GPU] RTX_cast,16,5000000,5000000,67108864,-1,4.289309,250329814.358557,3.994730,20.400896
NVIDIA GeForce RTX 3090 Ti,[GPU] RTX_cast,16,5000000,5000000,67108864,-1,5.309762,202220340.737395,4.945101,20.253933
NVIDIA GeForce RTX 3090 Ti,[GPU] RTX_cast,16,5000000,5000000,67108864,-1,4.974494,215849471.130414,4.632858,20.262550
NVIDIA GeForce RTX 3090 Ti,[GPU] RTX_cast,16,5000000,5000000,67108864,-1,5.474741,196126516.011344,5.098750,20.301657
NVIDIA GeForce RTX 3090 Ti,[GPU] RTX_cast,16,5000000,5000000,67108864,-1,4.694772,228710112.068018,4.372347,20.363529
NVIDIA GeForce RTX 3090 Ti,[GPU] RTX_cast,16,5000000,5000000,67108864,-1,4.606371,233099313.095919,4.290017,20.259487
NVIDIA GeForce RTX 3090 Ti,[GPU] RTX_cast,16,5000000,5000000,67108864,-1,4.452570,241151009.111661,4.146779,20.320383
NVIDIA GeForce RTX 3090 Ti,[GPU] RTX_cast,16,5000000,5000000,67108864,-1,5.561880,193053759.991853,5.179904,20.230671
NVIDIA GeForce RTX 3090 Ti,[GPU] RTX_cast,16,5000000,5000000,67108864,-1,4.352026,246722297.586579,4.053140,20.231699
NVIDIA GeForce RTX 3090 Ti,[GPU] RTX_cast,16,5000000,5000000,67108864,-1,4.771713,225022303.020281,4.444004,20.342545
NVIDIA GeForce RTX 3090 Ti,[GPU] RTX_cast,16,5000000,5000000,67108864,-1,3.075096,349173410.249965,2.863907,20.374538
NVIDIA GeForce RTX 3090 Ti,[GPU] RTX_cast,16,5000000,5000000,67108864,-1,4.310833,249079864.711307,4.014777,20.159555
NVIDIA GeForce RTX 3090 Ti,[GPU] RTX_cast,16,5000000,5000000,67108864,-1,4.819085,222810289.486374,4.488123,20.269682
NVIDIA GeForce RTX 3090 Ti,[GPU] RTX_cast,16,6000000,6000000,67108864,-1,5.936665,180866177.432696,5.528950,24.344053
NVIDIA GeForce RTX 3090 Ti,[GPU] RTX_cast,16,6000000,6000000,67108864,-1,5.969466,179872331.711500,5.559499,24.168816
NVIDIA GeForce RTX 3090 Ti,[GPU] RTX_cast,16,6000000,6000000,67108864,-1,5.764506,186267799.911026,5.368614,24.330412
NVIDIA GeForce RTX 3090 Ti,[GPU] RTX_cast,16,6000000,6000000,67108864,-1,5.269330,203771999.016641,4.907446,24.317247
NVIDIA GeForce RTX 3090 Ti,[GPU] RTX_cast,16,6000000,6000000,67108864,-1,6.058385,177232359.042688,5.642310,24.276051
NVIDIA GeForce RTX 3090 Ti,[GPU] RTX_cast,16,6000000,6000000,67108864,-1,3.902505,275141681.835104,3.634491,24.345533
NVIDIA GeForce RTX 3090 Ti,[GPU] RTX_cast,16,6000000,6000000,67108864,-1,5.682616,188952022.122018,5.292349,24.285330
NVIDIA GeForce RTX 3090 Ti,[GPU] RTX_cast,16,6000000,6000000,67108864,-1,5.711380,188000421.269693,5.319137,24.336790
NVIDIA GeForce RTX 3090 Ti,[GPU] RTX_cast,16,6000000,6000000,67108864,-1,6.161289,174272282.667129,5.738147,24.425877
NVIDIA GeForce RTX 3090 Ti,[GPU] RTX_cast,16,6000000,6000000,67108864,-1,5.992886,179169398.968552,5.581310,24.413805
NVIDIA GeForce RTX 3090 Ti,[GPU] RTX_cast,16,6000000,6000000,67108864,-1,3.661617,293242551.638214,3.410146,24.276546
NVIDIA GeForce RTX 3090 Ti,[GPU] RTX_cast,16,6000000,6000000,67108864,-1,5.129313,209334412.666778,4.777045,24.342403
NVIDIA GeForce RTX 3090 Ti,[GPU] RTX_cast,16,6000000,6000000,67108864,-1,5.037625,213144452.792735,4.691654,24.349316
NVIDIA GeForce RTX 3090 Ti,[GPU] RTX_cast,16,6000000,6000000,67108864,-1,4.887969,219670353.661733,4.552276,24.241911
NVIDIA GeForce RTX 3090 Ti,[GPU] RTX_cast,16,6000000,6000000,67108864,-1,6.698726,160290451.065388,6.238675,24.239414
NVIDIA GeForce RTX 3090 Ti,[GPU] RTX_cast,16,6000000,6000000,67108864,-1,4.945895,217097598.263711,4.606223,24.389811
NVIDIA GeForce RTX 3090 Ti,[GPU] RTX_cast,16,7000000,7000000,67108864,-1,6.991061,153587820.017652,6.510933,28.244722
NVIDIA GeForce RTX 3090 Ti,[GPU] RTX_cast,16,7000000,7000000,67108864,-1,6.275182,171109268.534832,5.844219,30.754343
NVIDIA GeForce RTX 3090 Ti,[GPU] RTX_cast,16,7000000,7000000,67108864,-1,7.295694,147174737.101248,6.794644,28.178112
NVIDIA GeForce RTX 3090 Ti,[GPU] RTX_cast,16,7000000,7000000,67108864,-1,6.749383,159087409.001518,6.285853,28.234482
NVIDIA GeForce RTX 3090 Ti,[GPU] RTX_cast,16,7000000,7000000,67108864,-1,5.993842,179140834.941592,5.582200,28.190063
NVIDIA GeForce RTX 3090 Ti,[GPU] RTX_cast,16,7000000,7000000,67108864,-1,5.895203,182138223.439078,5.490336,28.126812
NVIDIA GeForce RTX 3090 Ti,[GPU] RTX_cast,16,7000000,7000000,67108864,-1,6.503918,165091538.540171,6.057246,28.238617
NVIDIA GeForce RTX 3090 Ti,[GPU] RTX_cast,16,7000000,7000000,67108864,-1,5.320158,201825186.686507,4.954783,28.186249
NVIDIA GeForce RTX 3090 Ti,[GPU] RTX_cast,16,7000000,7000000,67108864,-1,6.169842,174030676.048765,5.746113,28.067646
NVIDIA GeForce RTX 3090 Ti,[GPU] RTX_cast,16,7000000,7000000,67108864,-1,6.000040,178955776.463080,5.587973,28.276808
NVIDIA GeForce RTX 3090 Ti,[GPU] RTX_cast,16,7000000,7000000,67108864,-1,5.483770,195803584.062736,5.107159,28.145676
NVIDIA GeForce RTX 3090 Ti,[GPU] RTX_cast,16,7000000,7000000,67108864,-1,6.046962,177567140.748854,5.631673,28.081968
NVIDIA GeForce RTX 3090 Ti,[GPU] RTX_cast,16,7000000,7000000,67108864,-1,5.824621,184345367.145778,5.424601,28.313435
NVIDIA GeForce RTX 3090 Ti,[GPU] RTX_cast,16,7000000,7000000,67108864,-1,6.127430,175235274.619379,5.706614,28.148563
NVIDIA GeForce RTX 3090 Ti,[GPU] RTX_cast,16,7000000,7000000,67108864,-1,6.930184,154936984.543315,6.454237,30.321865
NVIDIA GeForce RTX 3090 Ti,[GPU] RTX_cast,16,7000000,7000000,67108864,-1,5.139259,208929296.237992,4.786308,28.181812
NVIDIA GeForce RTX 3090 Ti,[GPU] RTX_cast,16,8000000,8000000,67108864,-1,7.150932,150154116.688795,6.659824,32.094185
NVIDIA GeForce RTX 3090 Ti,[GPU] RTX_cast,16,8000000,8000000,67108864,-1,6.149820,174597281.658801,5.727466,32.149174
NVIDIA GeForce RTX 3090 Ti,[GPU] RTX_cast,16,8000000,8000000,67108864,-1,7.628275,140758135.884765,7.104385,32.205334
NVIDIA GeForce RTX 3090 Ti,[GPU] RTX_cast,16,8000000,8000000,67108864,-1,6.354175,168982090.435584,5.917787,32.187912
NVIDIA GeForce RTX 3090 Ti,[GPU] RTX_cast,16,8000000,8000000,67108864,-1,4.676521,229602695.015565,4.355350,33.964451
NVIDIA GeForce RTX 3090 Ti,[GPU] RTX_cast,16,8000000,8000000,67108864,-1,6.700280,160253270.039572,6.240122,34.431438
NVIDIA GeForce RTX 3090 Ti,[GPU] RTX_cast,16,8000000,8000000,67108864,-1,8.633033,124375963.666087,8.040139,32.202236
NVIDIA GeForce RTX 3090 Ti,[GPU] RTX_cast,16,8000000,8000000,67108864,-1,6.963187,154202640.571471,6.484973,33.761593
NVIDIA GeForce RTX 3090 Ti,[GPU] RTX_cast,16,8000000,8000000,67108864,-1,7.465768,143822026.705748,6.953038,32.139980
NVIDIA GeForce RTX 3090 Ti,[GPU] RTX_cast,16,8000000,8000000,67108864,-1,7.258924,147920249.533373,6.760400,32.101318
NVIDIA GeForce RTX 3090 Ti,[GPU] RTX_cast,16,8000000,8000000,67108864,-1,7.085023,151550920.539915,6.598442,32.073410
NVIDIA GeForce RTX 3090 Ti,[GPU] RTX_cast,16,8000000,8000000,67108864,-1,6.025236,178207434.952097,5.611438,32.239193
NVIDIA GeForce RTX 3090 Ti,[GPU] RTX_cast,16,8000000,8000000,67108864,-1,7.331430,146457358.219055,6.827926,32.117657
NVIDIA GeForce RTX 3090 Ti,[GPU] RTX_cast,16,8000000,8000000,67108864,-1,5.915932,181500039.085401,5.509641,32.039684
NVIDIA GeForce RTX 3090 Ti,[GPU] RTX_cast,16,8000000,8000000,67108864,-1,7.295677,147175072.002384,6.794629,32.103947
NVIDIA GeForce RTX 3090 Ti,[GPU] RTX_cast,16,8000000,8000000,67108864,-1,7.633842,140655489.580634,7.109570,32.186176
NVIDIA GeForce RTX 3090 Ti,[GPU] RTX_cast,16,9000000,9000000,67108864,-1,7.059562,152097523.399324,6.574729,36.149708
NVIDIA GeForce RTX 3090 Ti,[GPU] RTX_cast,16,9000000,9000000,67108864,-1,5.100790,210505003.298930,4.750481,36.139297
NVIDIA GeForce RTX 3090 Ti,[GPU] RTX_cast,16,9000000,9000000,67108864,-1,6.395597,167887657.055334,5.956364,36.094322
NVIDIA GeForce RTX 3090 Ti,[GPU] RTX_cast,16,9000000,9000000,67108864,-1,7.535355,142493851.610973,7.017847,36.212330
NVIDIA GeForce RTX 3090 Ti,[GPU] RTX_cast,16,9000000,9000000,67108864,-1,8.304660,129293890.875464,7.734317,36.022057
NVIDIA GeForce RTX 3090 Ti,[GPU] RTX_cast,16,9000000,9000000,67108864,-1,7.160178,149960219.401415,6.668435,36.108269
NVIDIA GeForce RTX 3090 Ti,[GPU] RTX_cast,16,9000000,9000000,67108864,-1,7.111596,150984655.037149,6.623190,36.116947
NVIDIA GeForce RTX 3090 Ti,[GPU] RTX_cast,16,9000000,9000000,67108864,-1,7.282133,147448801.010661,6.782015,36.478245
NVIDIA GeForce RTX 3090 Ti,[GPU] RTX_cast,16,9000000,9000000,67108864,-1,7.685412,139711687.146718,7.157597,36.089500
NVIDIA GeForce RTX 3090 Ti,[GPU] RTX_cast,16,9000000,9000000,67108864,-1,7.388620,145323728.513562,6.881189,36.070969
NVIDIA GeForce RTX 3090 Ti,[GPU] RTX_cast,16,9000000,9000000,67108864,-1,6.791995,158089321.718576,6.325538,36.210442
NVIDIA GeForce RTX 3090 Ti,[GPU] RTX_cast,16,9000000,9000000,67108864,-1,7.086260,151524469.258394,6.599594,36.399544
NVIDIA GeForce RTX 3090 Ti,[GPU] RTX_cast,16,9000000,9000000,67108864,-1,7.542373,142361281.633666,7.024382,36.089478
NVIDIA GeForce RTX 3090 Ti,[GPU] RTX_cast,16,9000000,9000000,67108864,-1,6.993139,153542189.620574,6.512868,36.066624
NVIDIA GeForce RTX 3090 Ti,[GPU] RTX_cast,16,9000000,9000000,67108864,-1,7.876425,136323494.994427,7.335493,36.103214
NVIDIA GeForce RTX 3090 Ti,[GPU] RTX_cast,16,9000000,9000000,67108864,-1,7.030148,152733876.609558,6.547336,36.115070
NVIDIA GeForce RTX 3090 Ti,[GPU] RTX_cast,16,10000000,10000000,67108864,-1,8.661519,123966925.340003,8.066668,40.044098
NVIDIA GeForce RTX 3090 Ti,[GPU] RTX_cast,16,10000000,10000000,67108864,-1,9.381598,114451915.690999,8.737294,40.096649
NVIDIA GeForce RTX 3090 Ti,[GPU] RTX_cast,16,10000000,10000000,67108864,-1,9.553636,112390910.955345,8.897517,40.132370
NVIDIA GeForce RTX 3090 Ti,[GPU] RTX_cast,16,10000000,10000000,67108864,-1,9.646444,111309596.220839,8.983951,40.033607
NVIDIA GeForce RTX 3090 Ti,[GPU] RTX_cast,16,10000000,10000000,67108864,-1,8.776873,122337627.337826,8.174100,40.985558
NVIDIA GeForce RTX 3090 Ti,[GPU] RTX_cast,16,10000000,10000000,67108864,-1,8.141402,131886601.725567,7.582271,40.340775
NVIDIA GeForce RTX 3090 Ti,[GPU] RTX_cast,16,10000000,10000000,67108864,-1,9.394699,114292304.521790,8.749495,40.143436
NVIDIA GeForce RTX 3090 Ti,[GPU] RTX_cast,16,10000000,10000000,67108864,-1,8.473637,126715583.832392,7.891689,41.104828
NVIDIA GeForce RTX 3090 Ti,[GPU] RTX_cast,16,10000000,10000000,67108864,-1,9.535073,112609709.094764,8.880229,40.149590
NVIDIA GeForce RTX 3090 Ti,[GPU] RTX_cast,16,10000000,10000000,67108864,-1,8.248534,130173652.749619,7.682046,40.384338
NVIDIA GeForce RTX 3090 Ti,[GPU] RTX_cast,16,10000000,10000000,67108864,-1,8.828962,121615863.161645,8.222612,40.090969
NVIDIA GeForce RTX 3090 Ti,[GPU] RTX_cast,16,10000000,10000000,67108864,-1,8.624740,124495555.207618,8.032415,40.226093
NVIDIA GeForce RTX 3090 Ti,[GPU] RTX_cast,16,10000000,10000000,67108864,-1,8.601650,124829744.902243,8.010911,40.363766
NVIDIA GeForce RTX 3090 Ti,[GPU] RTX_cast,16,10000000,10000000,67108864,-1,7.233302,148444218.138733,6.736537,40.168129
NVIDIA GeForce RTX 3090 Ti,[GPU] RTX_cast,16,10000000,10000000,67108864,-1,6.161465,174267297.019340,5.738311,40.377998
NVIDIA GeForce RTX 3090 Ti,[GPU] RTX_cast,16,10000000,10000000,67108864,-1,6.979810,153835393.081790,6.500455,40.173885
NVIDIA GeForce RTX 3090 Ti,[GPU] RTX_cast,16,11000000,11000000,67108864,-1,8.713072,123233434.920097,8.114681,44.137760
NVIDIA GeForce RTX 3090 Ti,[GPU] RTX_cast,16,11000000,11000000,67108864,-1,7.971867,134691392.181110,7.424379,44.131264
NVIDIA GeForce RTX 3090 Ti,[GPU] RTX_cast,16,11000000,11000000,67108864,-1,9.169688,117096882.963569,8.539937,45.275974
NVIDIA GeForce RTX 3090 Ti,[GPU] RTX_cast,16,11000000,11000000,67108864,-1,9.381905,114448163.001606,8.737580,44.143471
NVIDIA GeForce RTX 3090 Ti,[GPU] RTX_cast,16,11000000,11000000,67108864,-1,9.355937,114765818.390728,8.713396,43.988491
NVIDIA GeForce RTX 3090 Ti,[GPU] RTX_cast,16,11000000,11000000,67108864,-1,8.817355,121775948.333432,8.211802,44.190498
NVIDIA GeForce RTX 3090 Ti,[GPU] RTX_cast,16,11000000,11000000,67108864,-1,7.153792,150094089.744396,6.662488,44.159317
NVIDIA GeForce RTX 3090 Ti,[GPU] RTX_cast,16,11000000,11000000,67108864,-1,8.674027,123788153.005268,8.078317,44.014969
NVIDIA GeForce RTX 3090 Ti,[GPU] RTX_cast,16,11000000,11000000,67108864,-1,9.065773,118439075.430513,8.443159,44.078159
NVIDIA GeForce RTX 3090 Ti,[GPU] RTX_cast,16,11000000,11000000,67108864,-1,7.946769,135116777.421642,7.401005,44.062271
NVIDIA GeForce RTX 3090 Ti,[GPU] RTX_cast,16,11000000,11000000,67108864,-1,10.244423,104812329.553171,9.540862,44.024517
NVIDIA GeForce RTX 3090 Ti,[GPU] RTX_cast,16,11000000,11000000,67108864,-1,9.166910,117132360.380768,8.537350,44.824757
NVIDIA GeForce RTX 3090 Ti,[GPU] RTX_cast,16,11000000,11000000,67108864,-1,6.840979,156957344.851696,6.371158,44.005917
NVIDIA GeForce RTX 3090 Ti,[GPU] RTX_cast,16,11000000,11000000,67108864,-1,9.783592,109749246.114598,9.111680,44.051117
NVIDIA GeForce RTX 3090 Ti,[GPU] RTX_cast,16,11000000,11000000,67108864,-1,8.657724,124021263.502863,8.063133,43.976883
NVIDIA GeForce RTX 3090 Ti,[GPU] RTX_cast,16,11000000,11000000,67108864,-1,7.694704,139542964.853186,7.166252,44.123611
NVIDIA GeForce RTX 3090 Ti,[GPU] RTX_cast,16,12000000,12000000,67108864,-1,10.442773,102821518.672826,9.725591,50.236549
NVIDIA GeForce RTX 3090 Ti,[GPU] RTX_cast,16,12000000,12000000,67108864,-1,8.235214,130384206.326229,7.669641,50.172470
NVIDIA GeForce RTX 3090 Ti,[GPU] RTX_cast,16,12000000,12000000,67108864,-1,8.162417,131547051.475031,7.601843,49.164986
NVIDIA GeForce RTX 3090 Ti,[GPU] RTX_cast,16,12000000,12000000,67108864,-1,9.557513,112345320.192629,8.901127,47.995728
NVIDIA GeForce RTX 3090 Ti,[GPU] RTX_cast,16,12000000,12000000,67108864,-1,10.836364,99086907.606108,10.092151,47.909210
NVIDIA GeForce RTX 3090 Ti,[GPU] RTX_cast,16,12000000,12000000,67108864,-1,8.554934,125511415.399466,7.967403,48.023369
NVIDIA GeForce RTX 3090 Ti,[GPU] RTX_cast,16,12000000,12000000,67108864,-1,9.942741,107992534.575760,9.259899,47.903984
NVIDIA GeForce RTX 3090 Ti,[GPU] RTX_cast,16,12000000,12000000,67108864,-1,10.705598,100297233.137016,9.970365,48.013714
NVIDIA GeForce RTX 3090 Ti,[GPU] RTX_cast,16,12000000,12000000,67108864,-1,10.266333,104588641.648669,9.561268,48.002247
NVIDIA GeForce RTX 3090 Ti,[GPU] RTX_cast,16,12000000,12000000,67108864,-1,10.094527,106368707.264417,9.401261,48.113945
NVIDIA GeForce RTX 3090 Ti,[GPU] RTX_cast,16,12000000,12000000,67108864,-1,8.961581,119816114.751131,8.346123,49.425468
NVIDIA GeForce RTX 3090 Ti,[GPU] RTX_cast,16,12000000,12000000,67108864,-1,11.313062,94911693.158877,10.536110,47.995403
NVIDIA GeForce RTX 3090 Ti,[GPU] RTX_cast,16,12000000,12000000,67108864,-1,9.217878,116484708.540331,8.584818,48.113602
NVIDIA GeForce RTX 3090 Ti,[GPU] RTX_cast,16,12000000,12000000,67108864,-1,8.062527,133176828.830522,7.508814,47.993607
NVIDIA GeForce RTX 3090 Ti,[GPU] RTX_cast,16,12000000,12000000,67108864,-1,10.821772,99220513.818397,10.078561,47.850273
NVIDIA GeForce RTX 3090 Ti,[GPU] RTX_cast,16,12000000,12000000,67108864,-1,10.817264,99261870.337111,10.074362,48.079369
NVIDIA GeForce RTX 3090 Ti,[GPU] RTX_cast,16,13000000,13000000,67108864,-1,8.150065,131746413.276399,7.590339,51.774902
NVIDIA GeForce RTX 3090 Ti,[GPU] RTX_cast,16,13000000,13000000,67108864,-1,9.241416,116188019.474998,8.606739,51.938354
NVIDIA GeForce RTX 3090 Ti,[GPU] RTX_cast,16,13000000,13000000,67108864,-1,10.279287,104456837.577843,9.573332,51.853680
NVIDIA GeForce RTX 3090 Ti,[GPU] RTX_cast,16,13000000,13000000,67108864,-1,11.963264,89753252.410904,11.141658,52.667606
NVIDIA GeForce RTX 3090 Ti,[GPU] RTX_cast,16,13000000,13000000,67108864,-1,9.710980,110569867.528342,9.044055,53.416565
NVIDIA GeForce RTX 3090 Ti,[GPU] RTX_cast,16,13000000,13000000,67108864,-1,10.525607,102012338.192329,9.802736,51.794090
NVIDIA GeForce RTX 3090 Ti,[GPU] RTX_cast,16,13000000,13000000,67108864,-1,11.540397,93042014.162376,10.747833,51.752907
NVIDIA GeForce RTX 3090 Ti,[GPU] RTX_cast,16,13000000,13000000,67108864,-1,11.200364,95866687.840178,10.431152,51.831875
NVIDIA GeForce RTX 3090 Ti,[GPU] RTX_cast,16,13000000,13000000,67108864,-1,10.425576,102991125.506965,9.709574,51.840107
NVIDIA GeForce RTX 3090 Ti,[GPU] RTX_cast,16,13000000,13000000,67108864,-1,10.379457,103448746.959232,9.666623,51.882771
NVIDIA GeForce RTX 3090 Ti,[GPU] RTX_cast,16,13000000,13000000,67108864,-1,10.195980,105310306.084927,9.495747,51.782604
NVIDIA GeForce RTX 3090 Ti,[GPU] RTX_cast,16,13000000,13000000,67108864,-1,12.663097,84792989.515934,11.793428,51.834694
NVIDIA GeForce RTX 3090 Ti,[GPU] RTX_cast,16,13000000,13000000,67108864,-1,11.688497,91863121.284189,10.885761,51.765163
NVIDIA GeForce RTX 3090 Ti,[GPU] RTX_cast,16,13000000,13000000,67108864,-1,9.585405,112018406.459609,8.927104,51.772041
NVIDIA GeForce RTX 3090 Ti,[GPU] RTX_cast,16,13000000,13000000,67108864,-1,9.046821,118687192.958939,8.425509,51.779842
NVIDIA GeForce RTX 3090 Ti,[GPU] RTX_cast,16,13000000,13000000,67108864,-1,10.564604,101635789.967124,9.839054,51.853378
NVIDIA GeForce RTX 3090 Ti,[GPU] RTX_cast,16,14000000,14000000,67108864,-1,13.218021,81233172.851873,12.310242,56.059948
NVIDIA GeForce RTX 3090 Ti,[GPU] RTX_cast,16,14000000,14000000,67108864,-1,8.823445,121691899.929255,8.217474,56.773338
NVIDIA GeForce RTX 3090 Ti,[GPU] RTX_cast,16,14000000,14000000,67108864,-1,9.890275,108565412.143913,9.211037,56.064270
NVIDIA GeForce RTX 3090 Ti,[GPU] RTX_cast,16,14000000,14000000,67108864,-1,10.494618,102313567.508048,9.773875,55.984238
NVIDIA GeForce RTX 3090 Ti,[GPU] RTX_cast,16,14000000,14000000,67108864,-1,10.987213,97726496.672890,10.232639,55.969376
NVIDIA GeForce RTX 3090 Ti,[GPU] RTX_cast,16,14000000,14000000,67108864,-1,12.461710,86163281.553314,11.605872,55.956604
NVIDIA GeForce RTX 3090 Ti,[GPU] RTX_cast,16,14000000,14000000,67108864,-1,10.620729,101098688.634320,9.891325,55.958626
NVIDIA GeForce RTX 3090 Ti,[GPU] RTX_cast,16,14000000,14000000,67108864,-1,11.256044,95392469.078548,10.483008,55.984203
NVIDIA GeForce RTX 3090 Ti,[GPU] RTX_cast,16,14000000,14000000,67108864,-1,10.491667,102342347.007349,9.771126,55.907780
NVIDIA GeForce RTX 3090 Ti,[GPU] RTX_cast,16,14000000,14000000,67108864,-1,11.163958,96179314.114994,10.397246,57.246109
NVIDIA GeForce RTX 3090 Ti,[GPU] RTX_cast,16,14000000,14000000,67108864,-1,11.771558,91214931.695381,10.963117,56.117897
NVIDIA GeForce RTX 3090 Ti,[GPU] RTX_cast,16,14000000,14000000,67108864,-1,11.311566,94924238.203360,10.534717,55.945984
NVIDIA GeForce RTX 3090 Ti,[GPU] RTX_cast,16,14000000,14000000,67108864,-1,12.000501,89474749.937279,11.176337,57.879311
NVIDIA GeForce RTX 3090 Ti,[GPU] RTX_cast,16,14000000,14000000,67108864,-1,9.417579,114014632.892423,8.770804,56.046906
NVIDIA GeForce RTX 3090 Ti,[GPU] RTX_cast,16,14000000,14000000,67108864,-1,10.365201,103591025.991227,9.653346,56.078800
NVIDIA GeForce RTX 3090 Ti,[GPU] RTX_cast,16,14000000,14000000,67108864,-1,10.936015,98184014.791294,10.184957,56.755970
NVIDIA GeForce RTX 3090 Ti,[GPU] RTX_cast,16,15000000,15000000,67108864,-1,10.437234,102876086.271657,9.720432,59.860134
NVIDIA GeForce RTX 3090 Ti,[GPU] RTX_cast,16,15000000,15000000,67108864,-1,9.532862,112635826.437147,8.878170,61.025314
NVIDIA GeForce RTX 3090 Ti,[GPU] RTX_cast,16,15000000,15000000,67108864,-1,14.934413,71897155.771796,13.908756,59.984425
NVIDIA GeForce RTX 3090 Ti,[GPU] RTX_cast,16,15000000,15000000,67108864,-1,12.346047,86970496.294993,11.498152,59.864822
NVIDIA GeForce RTX 3090 Ti,[GPU] RTX_cast,16,15000000,15000000,67108864,-1,10.552342,101753889.768618,9.827634,59.951614
NVIDIA GeForce RTX 3090 Ti,[GPU] RTX_cast,16,15000000,15000000,67108864,-1,10.749399,99888540.990980,10.011158,59.991623
NVIDIA GeForce RTX 3090 Ti,[GPU] RTX_cast,16,15000000,15000000,67108864,-1,12.799381,83890137.796277,11.920352,59.910992
NVIDIA GeForce RTX 3090 Ti,[GPU] RTX_cast,16,15000000,15000000,67108864,-1,11.121903,96542992.064944,10.358080,59.928185
NVIDIA GeForce RTX 3090 Ti,[GPU] RTX_cast,16,15000000,15000000,67108864,-1,11.944907,89891181.541558,11.124562,59.974400
NVIDIA GeForce RTX 3090 Ti,[GPU] RTX_cast,16,15000000,15000000,67108864,-1,12.026188,89283635.134489,11.200261,59.904518
NVIDIA GeForce RTX 3090 Ti,[GPU] RTX_cast,16,15000000,15000000,67108864,-1,12.923011,83087590.455585,12.035492,59.943691
NVIDIA GeForce RTX 3090 Ti,[GPU] RTX_cast,16,15000000,15000000,67108864,-1,12.697131,84565705.110237,11.825125,60.595856
NVIDIA GeForce RTX 3090 Ti,[GPU] RTX_cast,16,15000000,15000000,67108864,-1,14.200029,75615465.401631,13.224808,60.030720
NVIDIA GeForce RTX 3090 Ti,[GPU] RTX_cast,16,15000000,15000000,67108864,-1,13.049341,82283223.251294,12.153146,59.879471
NVIDIA GeForce RTX 3090 Ti,[GPU] RTX_cast,16,15000000,15000000,67108864,-1,9.778712,109804014.417879,9.107135,60.727589
NVIDIA GeForce RTX 3090 Ti,[GPU] RTX_cast,16,15000000,15000000,67108864,-1,9.854607,108958356.029134,9.177818,59.793575
NVIDIA GeForce RTX 3090 Ti,[GPU] RTX_cast,16,16000000,16000000,67108864,-1,12.194344,88052448.414864,11.356868,64.742790
NVIDIA GeForce RTX 3090 Ti,[GPU] RTX_cast,16,16000000,16000000,67108864,-1,12.949718,82916233.603366,12.060364,63.906471
NVIDIA GeForce RTX 3090 Ti,[GPU] RTX_cast,16,16000000,16000000,67108864,-1,13.220508,81217895.653356,12.312557,64.087822
NVIDIA GeForce RTX 3090 Ti,[GPU] RTX_cast,16,16000000,16000000,67108864,-1,10.933602,98205684.363212,10.182710,63.910439
NVIDIA GeForce RTX 3090 Ti,[GPU] RTX_cast,16,16000000,16000000,67108864,-1,12.545667,85586667.067494,11.684063,63.875603
NVIDIA GeForce RTX 3090 Ti,[GPU] RTX_cast,16,16000000,16000000,67108864,-1,11.889207,90312316.134940,11.072687,64.001633
NVIDIA GeForce RTX 3090 Ti,[GPU] RTX_cast,16,16000000,16000000,67108864,-1,13.043714,82318719.571201,12.147905,63.794361
NVIDIA GeForce RTX 3090 Ti,[GPU] RTX_cast,16,16000000,16000000,67108864,-1,11.012001,97506513.692226,10.255725,63.870148
NVIDIA GeForce RTX 3090 Ti,[GPU] RTX_cast,16,16000000,16000000,67108864,-1,12.971523,82776848.006601,12.080673,66.326263
NVIDIA GeForce RTX 3090 Ti,[GPU] RTX_cast,16,16000000,16000000,67108864,-1,12.817668,83770450.804142,11.937384,64.664375
NVIDIA GeForce RTX 3090 Ti,[GPU] RTX_cast,16,16000000,16000000,67108864,-1,13.069526,82156138.932146,12.171945,64.740311
NVIDIA GeForce RTX 3090 Ti,[GPU] RTX_cast,16,16000000,16000000,67108864,-1,13.169163,81534552.878807,12.264739,64.090950
NVIDIA GeForce RTX 3090 Ti,[GPU] RTX_cast,16,16000000,16000000,67108864,-1,13.688335,78442106.148348,12.748255,63.908104
NVIDIA GeForce RTX 3090 Ti,[GPU] RTX_cast,16,16000000,16000000,67108864,-1,11.959801,89779239.942137,11.138432,64.636101
NVIDIA GeForce RTX 3090 Ti,[GPU] RTX_cast,16,16000000,16000000,67108864,-1,13.023826,82444422.232750,12.129383,63.826717
NVIDIA GeForce RTX 3090 Ti,[GPU] RTX_cast,16,16000000,16000000,67108864,-1,11.195798,95905788.782186,10.426899,63.927452
NVIDIA GeForce RTX 3090 Ti,[GPU] RTX_cast,16,1000000,1000000,67108864,-2,0.332106,3233131165.729025,0.309298,4.462765
NVIDIA GeForce RTX 3090 Ti,[GPU] RTX_cast,16,1000000,1000000,67108864,-2,0.308313,3482638471.506886,0.287139,4.476766
NVIDIA GeForce RTX 3090 Ti,[GPU] RTX_cast,16,1000000,1000000,67108864,-2,0.353890,3034108008.828347,0.329586,4.412310
NVIDIA GeForce RTX 3090 Ti,[GPU] RTX_cast,16,1000000,1000000,67108864,-2,0.355387,3021328122.504698,0.330980,4.464206
NVIDIA GeForce RTX 3090 Ti,[GPU] RTX_cast,16,1000000,1000000,67108864,-2,0.319789,3357655537.695116,0.297827,4.829769
NVIDIA GeForce RTX 3090 Ti,[GPU] RTX_cast,16,1000000,1000000,67108864,-2,0.323001,3324263645.108752,0.300818,4.473910
NVIDIA GeForce RTX 3090 Ti,[GPU] RTX_cast,16,1000000,1000000,67108864,-2,0.330675,3247120484.932160,0.307965,4.441675
NVIDIA GeForce RTX 3090 Ti,[GPU] RTX_cast,16,1000000,1000000,67108864,-2,0.362808,2959535201.166777,0.337891,4.499546
NVIDIA GeForce RTX 3090 Ti,[GPU] RTX_cast,16,1000000,1000000,67108864,-2,0.321246,3342427008.093216,0.299184,4.423534
NVIDIA GeForce RTX 3090 Ti,[GPU] RTX_cast,16,1000000,1000000,67108864,-2,0.321968,3334929384.567963,0.299856,4.475960
NVIDIA GeForce RTX 3090 Ti,[GPU] RTX_cast,16,1000000,1000000,67108864,-2,0.379302,2830834796.889268,0.353253,4.555944
NVIDIA GeForce RTX 3090 Ti,[GPU] RTX_cast,16,1000000,1000000,67108864,-2,0.334987,3205327369.095046,0.311981,4.423846
NVIDIA GeForce RTX 3090 Ti,[GPU] RTX_cast,16,1000000,1000000,67108864,-2,0.335789,3197670560.968946,0.312728,4.420866
NVIDIA GeForce RTX 3090 Ti,[GPU] RTX_cast,16,1000000,1000000,67108864,-2,0.319004,3365919004.013824,0.297096,4.471903
NVIDIA GeForce RTX 3090 Ti,[GPU] RTX_cast,16,1000000,1000000,67108864,-2,0.354740,3026842302.257427,0.330377,4.479530
NVIDIA GeForce RTX 3090 Ti,[GPU] RTX_cast,16,1000000,1000000,67108864,-2,0.339730,3160574805.392970,0.316398,4.468901
NVIDIA GeForce RTX 3090 Ti,[GPU] RTX_cast,16,2000000,2000000,67108864,-2,0.531522,2020127807.377936,0.495018,8.826757
NVIDIA GeForce RTX 3090 Ti,[GPU] RTX_cast,16,2000000,2000000,67108864,-2,0.455191,2358880772.310208,0.423930,8.746449
NVIDIA GeForce RTX 3090 Ti,[GPU] RTX_cast,16,2000000,2000000,67108864,-2,0.377363,2845384772.988022,0.351446,8.720112
NVIDIA GeForce RTX 3090 Ti,[GPU] RTX_cast,16,2000000,2000000,67108864,-2,0.422229,2543033365.600257,0.393231,8.786452
NVIDIA GeForce RTX 3090 Ti,[GPU] RTX_cast,16,2000000,2000000,67108864,-2,0.477811,2247209178.819409,0.444996,8.686543
NVIDIA GeForce RTX 3090 Ti,[GPU] RTX_cast,16,2000000,2000000,67108864,-2,0.427147,2513754421.481227,0.397811,8.754296
NVIDIA GeForce RTX 3090 Ti,[GPU] RTX_cast,16,2000000,2000000,67108864,-2,0.369267,2907766183.231298,0.343907,8.736296
NVIDIA GeForce RTX 3090 Ti,[GPU] RTX_cast,16,2000000,2000000,67108864,-2,0.388344,2764926455.952643,0.361673,8.683244
NVIDIA GeForce RTX 3090 Ti,[GPU] RTX_cast,16,2000000,2000000,67108864,-2,0.445369,2410906364.086317,0.414782,8.767518
NVIDIA GeForce RTX 3090 Ti,[GPU] RTX_cast,16,2000000,2000000,67108864,-2,0.448395,2394635002.302593,0.417600,8.722494
NVIDIA GeForce RTX 3090 Ti,[GPU] RTX_cast,16,2000000,2000000,67108864,-2,0.430188,2495985112.272528,0.400643,8.828103
NVIDIA GeForce RTX 3090 Ti,[GPU] RTX_cast,16,2000000,2000000,67108864,-2,0.457905,2344899137.802288,0.426458,8.749076
NVIDIA GeForce RTX 3090 Ti,[GPU] RTX_cast,16,2000000,2000000,67108864,-2,0.374043,2870637402.925647,0.348355,8.577188
NVIDIA GeForce RTX 3090 Ti,[GPU] RTX_cast,16,2000000,2000000,67108864,-2,0.382448,2807552549.993600,0.356182,8.759950
NVIDIA GeForce RTX 3090 Ti,[GPU] RTX_cast,16,2000000,2000000,67108864,-2,0.380627,2820980297.029792,0.354487,8.635901
NVIDIA GeForce RTX 3090 Ti,[GPU] RTX_cast,16,2000000,2000000,67108864,-2,0.420700,2552276139.142263,0.391807,8.729424
NVIDIA GeForce RTX 3090 Ti,[GPU] RTX_cast,16,3000000,3000000,67108864,-2,0.484155,2217762936.535172,0.450905,12.553930
NVIDIA GeForce RTX 3090 Ti,[GPU] RTX_cast,16,3000000,3000000,67108864,-2,0.461570,2326283003.432858,0.429870,12.509642
NVIDIA GeForce RTX 3090 Ti,[GPU] RTX_cast,16,3000000,3000000,67108864,-2,0.480688,2233760180.905235,0.447676,12.585968
NVIDIA GeForce RTX 3090 Ti,[GPU] RTX_cast,16,3000000,3000000,67108864,-2,0.493778,2174542527.594161,0.459867,12.644305
NVIDIA GeForce RTX 3090 Ti,[GPU] RTX_cast,16,3000000,3000000,67108864,-2,0.461886,2324690656.600690,0.430165,12.570625
NVIDIA GeForce RTX 3090 Ti,[GPU] RTX_cast,16,3000000,3000000,67108864,-2,0.483440,2221046878.771034,0.450238,12.564555
NVIDIA GeForce RTX 3090 Ti,[GPU] RTX_cast,16,3000000,3000000,67108864,-2,0.486081,2208978847.093494,0.452698,12.623144
NVIDIA GeForce RTX 3090 Ti,[GPU] RTX_cast,16,3000000,3000000,67108864,-2,0.496422,2162962214.329559,0.462329,12.598691
NVIDIA GeForce RTX 3090 Ti,[GPU] RTX_cast,16,3000000,3000000,67108864,-2,0.466065,2303846696.340908,0.434057,12.499861
NVIDIA GeForce RTX 3090 Ti,[GPU] RTX_cast,16,3000000,3000000,67108864,-2,0.572037,1877048243.152426,0.532751,12.589639
NVIDIA GeForce RTX 3090 Ti,[GPU] RTX_cast,16,3000000,3000000,67108864,-2,0.473289,2268682002.085020,0.440785,12.567218
NVIDIA GeForce RTX 3090 Ti,[GPU] RTX_cast,16,3000000,3000000,67108864,-2,0.538973,1992199570.763897,0.501958,12.521810
NVIDIA GeForce RTX 3090 Ti,[GPU] RTX_cast,16,3000000,3000000,67108864,-2,0.507802,2114491057.158745,0.472927,12.533870
NVIDIA GeForce RTX 3090 Ti,[GPU] RTX_cast,16,3000000,3000000,67108864,-2,0.516191,2080126599.339479,0.480740,12.590516
NVIDIA GeForce RTX 3090 Ti,[GPU] RTX_cast,16,3000000,3000000,67108864,-2,0.477302,2249606357.502429,0.444522,15.516859
NVIDIA GeForce RTX 3090 Ti,[GPU] RTX_cast,16,3000000,3000000,67108864,-2,0.481986,2227746143.516899,0.448884,12.493885
NVIDIA GeForce RTX 3090 Ti,[GPU] RTX_cast,16,4000000,4000000,67108864,-2,0.506571,2119626421.530945,0.471781,16.477655
NVIDIA GeForce RTX 3090 Ti,[GPU] RTX_cast,16,4000000,4000000,67108864,-2,0.482879,2223626993.349982,0.449716,16.467657
NVIDIA GeForce RTX 3090 Ti,[GPU] RTX_cast,16,4000000,4000000,67108864,-2,0.534250,2009811097.167490,0.497559,16.456821
NVIDIA GeForce RTX 3090 Ti,[GPU] RTX_cast,16,4000000,4000000,67108864,-2,0.579726,1852153752.868534,0.539912,16.427721
NVIDIA GeForce RTX 3090 Ti,[GPU] RTX_cast,16,4000000,4000000,67108864,-2,0.662357,1621092449.616552,0.616868,16.520473
NVIDIA GeForce RTX 3090 Ti,[GPU] RTX_cast,16,4000000,4000000,67108864,-2,0.522388,2055448147.033559,0.486512,16.548376
NVIDIA GeForce RTX 3090 Ti,[GPU] RTX_cast,16,4000000,4000000,67108864,-2,0.516336,2079540156.547338,0.480876,16.538305
NVIDIA GeForce RTX 3090 Ti,[GPU] RTX_cast,16,4000000,4000000,67108864,-2,0.476328,2254207234.877466,0.443615,16.533924
NVIDIA GeForce RTX 3090 Ti,[GPU] RTX_cast,16,4000000,4000000,67108864,-2,0.537332,1998283444.105507,0.500430,16.403370
NVIDIA GeForce RTX 3090 Ti,[GPU] RTX_cast,16,4000000,4000000,67108864,-2,0.575481,1865816824.417591,0.535958,16.542004
NVIDIA GeForce RTX 3090 Ti,[GPU] RTX_cast,16,4000000,4000000,67108864,-2,0.524241,2048182547.626668,0.488238,16.433777
NVIDIA GeForce RTX 3090 Ti,[GPU] RTX_cast,16,4000000,4000000,67108864,-2,0.498958,2151966342.048326,0.464691,16.551300
NVIDIA GeForce RTX 3090 Ti,[GPU] RTX_cast,16,4000000,4000000,67108864,-2,0.804141,1335265727.321311,0.748915,16.376751
NVIDIA GeForce RTX 3090 Ti,[GPU] RTX_cast,16,4000000,4000000,67108864,-2,0.546953,1963132954.364002,0.509390,16.441128
NVIDIA GeForce RTX 3090 Ti,[GPU] RTX_cast,16,4000000,4000000,67108864,-2,0.500376,2145870708.682530,0.466011,16.545376
NVIDIA GeForce RTX 3090 Ti,[GPU] RTX_cast,16,4000000,4000000,67108864,-2,0.554342,1936965182.936345,0.516272,16.469353
NVIDIA GeForce RTX 3090 Ti,[GPU] RTX_cast,16,5000000,5000000,67108864,-2,0.578911,1854760664.857612,0.539153,20.361486
NVIDIA GeForce RTX 3090 Ti,[GPU] RTX_cast,16,5000000,5000000,67108864,-2,0.548951,1955990245.103933,0.511250,20.429945
NVIDIA GeForce RTX 3090 Ti,[GPU] RTX_cast,16,5000000,5000000,67108864,-2,0.718093,1495267674.427436,0.668777,20.377127
NVIDIA GeForce RTX 3090 Ti,[GPU] RTX_cast,16,5000000,5000000,67108864,-2,0.595324,1803625302.284076,0.554439,20.360903
NVIDIA GeForce RTX 3090 Ti,[GPU] RTX_cast,16,5000000,5000000,67108864,-2,0.617918,1737678000.412882,0.575481,20.374304
NVIDIA GeForce RTX 3090 Ti,[GPU] RTX_cast,16,5000000,5000000,67108864,-2,0.561303,1912945382.182807,0.522754,20.415565
NVIDIA GeForce RTX 3090 Ti,[GPU] RTX_cast,16,5000000,5000000,67108864,-2,0.585321,1834448034.210968,0.545123,20.385109
NVIDIA GeForce RTX 3090 Ti,[GPU] RTX_cast,16,5000000,5000000,67108864,-2,0.735348,1460182561.097270,0.684846,20.352930
NVIDIA GeForce RTX 3090 Ti,[GPU] RTX_cast,16,5000000,5000000,67108864,-2,0.581284,1847191273.564224,0.541362,20.379000
NVIDIA GeForce RTX 3090 Ti,[GPU] RTX_cast,16,5000000,5000000,67108864,-2,0.704825,1523416570.566469,0.656419,20.407919
NVIDIA GeForce RTX 3090 Ti,[GPU] RTX_cast,16,5000000,5000000,67108864,-2,0.565416,1899029115.916517,0.526585,20.319689
NVIDIA GeForce RTX 3090 Ti,[GPU] RTX_cast,16,5000000,5000000,67108864,-2,0.560186,1916758729.502246,0.521714,20.324455
NVIDIA GeForce RTX 3090 Ti,[GPU] RTX_cast,16,5000000,5000000,67108864,-2,0.567974,1890475855.467385,0.528967,21.053356
NVIDIA GeForce RTX 3090 Ti,[GPU] RTX_cast,16,5000000,5000000,67108864,-2,0.692753,1549964554.752104,0.645176,21.177252
NVIDIA GeForce RTX 3090 Ti,[GPU] RTX_cast,16,5000000,5000000,67108864,-2,0.553649,1939391358.622985,0.515626,20.534708
NVIDIA GeForce RTX 3090 Ti,[GPU] RTX_cast,16,5000000,5000000,67108864,-2,0.652092,1646610840.898565,0.607308,20.356899
NVIDIA GeForce RTX 3090 Ti,[GPU] RTX_cast,16,6000000,6000000,67108864,-2,0.735070,1460733976.553442,0.684587,24.471760
NVIDIA GeForce RTX 3090 Ti,[GPU] RTX_cast,16,6000000,6000000,67108864,-2,0.656214,1636268414.048916,0.611147,24.422523
NVIDIA GeForce RTX 3090 Ti,[GPU] RTX_cast,16,6000000,6000000,67108864,-2,0.679299,1580661260.058706,0.632647,24.394985
NVIDIA GeForce RTX 3090 Ti,[GPU] RTX_cast,16,6000000,6000000,67108864,-2,0.646632,1660513685.729021,0.602223,24.368923
NVIDIA GeForce RTX 3090 Ti,[GPU] RTX_cast,16,6000000,6000000,67108864,-2,0.716092,1499447689.195534,0.666912,24.406778
NVIDIA GeForce RTX 3090 Ti,[GPU] RTX_cast,16,6000000,6000000,67108864,-2,0.657542,1632962211.917862,0.612384,24.231224
NVIDIA GeForce RTX 3090 Ti,[GPU] RTX_cast,16,6000000,6000000,67108864,-2,0.824973,1301547513.004129,0.768316,24.312046
NVIDIA GeForce RTX 3090 Ti,[GPU] RTX_cast,16,6000000,6000000,67108864,-2,0.632195,1698433700.423870,0.588778,24.342342
NVIDIA GeForce RTX 3090 Ti,[GPU] RTX_cast,16,6000000,6000000,67108864,-2,0.740196,1450618876.713707,0.689361,26.025558
NVIDIA GeForce RTX 3090 Ti,[GPU] RTX_cast,16,6000000,6000000,67108864,-2,0.630276,1703605592.401566,0.586990,24.442249
NVIDIA GeForce RTX 3090 Ti,[GPU] RTX_cast,16,6000000,6000000,67108864,-2,0.659263,1628699210.101828,0.613987,24.334534
NVIDIA GeForce RTX 3090 Ti,[GPU] RTX_cast,16,6000000,6000000,67108864,-2,0.864199,1242471132.868283,0.804848,24.373943
NVIDIA GeForce RTX 3090 Ti,[GPU] RTX_cast,16,6000000,6000000,67108864,-2,0.789849,1359427337.585697,0.735604,24.430569
NVIDIA GeForce RTX 3090 Ti,[GPU] RTX_cast,16,6000000,6000000,67108864,-2,0.903954,1187827332.326563,0.841873,24.350655
NVIDIA GeForce RTX 3090 Ti,[GPU] RTX_cast,16,6000000,6000000,67108864,-2,0.888180,1208923263.212769,0.827182,24.269810
NVIDIA GeForce RTX 3090 Ti,[GPU] RTX_cast,16,6000000,6000000,67108864,-2,0.678273,1583052415.687603,0.631691,24.392439
NVIDIA GeForce RTX 3090 Ti,[GPU] RTX_cast,16,7000000,7000000,67108864,-2,0.636219,1687692022.527265,0.592525,28.081465
NVIDIA GeForce RTX 3090 Ti,[GPU] RTX_cast,16,7000000,7000000,67108864,-2,0.806854,1330776052.730611,0.751441,28.271309
NVIDIA GeForce RTX 3090 Ti,[GPU] RTX_cast,16,7000000,7000000,67108864,-2,0.905962,1185194924.466922,0.843743,28.226971
NVIDIA GeForce RTX 3090 Ti,[GPU] RTX_cast,16,7000000,7000000,67108864,-2,0.685967,1565296244.166548,0.638857,28.100668
NVIDIA GeForce RTX 3090 Ti,[GPU] RTX_cast,16,7000000,7000000,67108864,-2,0.687542,1561710484.949476,0.640324,28.205370
NVIDIA GeForce RTX 3090 Ti,[GPU] RTX_cast,16,7000000,7000000,67108864,-2,0.651419,1648312553.597794,0.606681,28.564093
NVIDIA GeForce RTX 3090 Ti,[GPU] RTX_cast,16,7000000,7000000,67108864,-2,0.760834,1411269083.010175,0.708582,29.270964
NVIDIA GeForce RTX 3090 Ti,[GPU] RTX_cast,16,7000000,7000000,67108864,-2,0.758508,1415597466.372553,0.706416,28.286671
NVIDIA GeForce RTX 3090 Ti,[GPU] RTX_cast,16,7000000,7000000,67108864,-2,0.748701,1434140535.189631,0.697282,29.953140
NVIDIA GeForce RTX 3090 Ti,[GPU] RTX_cast,16,7000000,7000000,67108864,-2,0.739248,1452479124.500550,0.688478,28.232548
NVIDIA GeForce RTX 3090 Ti,[GPU] RTX_cast,16,7000000,7000000,67108864,-2,0.812664,1321262101.727544,0.756852,28.678703
NVIDIA GeForce RTX 3090 Ti,[GPU] RTX_cast,16,7000000,7000000,67108864,-2,0.893343,1201937430.254342,0.831990,28.157553
NVIDIA GeForce RTX 3090 Ti,[GPU] RTX_cast,16,7000000,7000000,67108864,-2,0.818008,1312630573.867333,0.761829,28.152237
NVIDIA GeForce RTX 3090 Ti,[GPU] RTX_cast,16,7000000,7000000,67108864,-2,0.674155,1592721402.131917,0.627856,28.201897
NVIDIA GeForce RTX 3090 Ti,[GPU] RTX_cast,16,7000000,7000000,67108864,-2,0.931872,1152241889.406253,0.867873,28.226423
NVIDIA GeForce RTX 3090 Ti,[GPU] RTX_cast,16,7000000,7000000,67108864,-2,0.852200,1259965294.340522,0.793673,28.824642
NVIDIA GeForce RTX 3090 Ti,[GPU] RTX_cast,16,8000000,8000000,67108864,-2,0.698325,1537596246.844867,0.650366,32.170738
NVIDIA GeForce RTX 3090 Ti,[GPU] RTX_cast,16,8000000,8000000,67108864,-2,0.836519,1283583146.948651,0.779069,32.174347
NVIDIA GeForce RTX 3090 Ti,[GPU] RTX_cast,16,8000000,8000000,67108864,-2,0.847971,1266249001.174320,0.789734,32.211922
NVIDIA GeForce RTX 3090 Ti,[GPU] RTX_cast,16,8000000,8000000,67108864,-2,1.160444,925285463.978837,1.080748,32.256763
NVIDIA GeForce RTX 3090 Ti,[GPU] RTX_cast,16,8000000,8000000,67108864,-2,0.840080,1278142322.346381,0.782385,32.151920
NVIDIA GeForce RTX 3090 Ti,[GPU] RTX_cast,16,8000000,8000000,67108864,-2,1.026632,1045887535.724066,0.956126,32.243999
NVIDIA GeForce RTX 3090 Ti,[GPU] RTX_cast,16,8000000,8000000,67108864,-2,1.208570,888439592.171350,1.125569,32.125870
NVIDIA GeForce RTX 3090 Ti,[GPU] RTX_cast,16,8000000,8000000,67108864,-2,0.813537,1319843199.335704,0.757666,32.105328
NVIDIA GeForce RTX 3090 Ti,[GPU] RTX_cast,16,8000000,8000000,67108864,-2,1.034325,1038108422.905981,0.963291,32.206135
NVIDIA GeForce RTX 3090 Ti,[GPU] RTX_cast,16,8000000,8000000,67108864,-2,0.923847,1162250490.371499,0.860400,32.864601
NVIDIA GeForce RTX 3090 Ti,[GPU] RTX_cast,16,8000000,8000000,67108864,-2,1.000440,1073269058.936624,0.931733,32.146698
NVIDIA GeForce RTX 3090 Ti,[GPU] RTX_cast,16,8000000,8000000,67108864,-2,0.911974,1177382373.397329,0.849342,32.219589
NVIDIA GeForce RTX 3090 Ti,[GPU] RTX_cast,16,8000000,8000000,67108864,-2,0.812127,1322134641.997502,0.756353,33.223469
NVIDIA GeForce RTX 3090 Ti,[GPU] RTX_cast,16,8000000,8000000,67108864,-2,0.807554,1329621792.235641,0.752094,32.207207
NVIDIA GeForce RTX 3090 Ti,[GPU] RTX_cast,16,8000000,8000000,67108864,-2,0.853513,1258025965.920243,0.794896,32.187222
NVIDIA GeForce RTX 3090 Ti,[GPU] RTX_cast,16,8000000,8000000,67108864,-2,0.776917,1382055407.361551,0.723560,32.174351
NVIDIA GeForce RTX 3090 Ti,[GPU] RTX_cast,16,9000000,9000000,67108864,-2,1.185573,905673032.450572,1.104151,36.274708
NVIDIA GeForce RTX 3090 Ti,[GPU] RTX_cast,16,9000000,9000000,67108864,-2,0.706620,1519546860.268295,0.658091,38.850830
NVIDIA GeForce RTX 3090 Ti,[GPU] RTX_cast,16,9000000,9000000,67108864,-2,1.002375,1071198185.973553,0.933534,36.135662
NVIDIA GeForce RTX 3090 Ti,[GPU] RTX_cast,16,9000000,9000000,67108864,-2,0.905377,1185961234.229046,0.843198,36.115562
NVIDIA GeForce RTX 3090 Ti,[GPU] RTX_cast,16,9000000,9000000,67108864,-2,0.932870,1151008917.765758,0.868803,38.433449
NVIDIA GeForce RTX 3090 Ti,[GPU] RTX_cast,16,9000000,9000000,67108864,-2,0.904819,1186692512.375651,0.842678,38.020405
NVIDIA GeForce RTX 3090 Ti,[GPU] RTX_cast,16,9000000,9000000,67108864,-2,0.984526,1090618114.200123,0.916911,36.136688
NVIDIA GeForce RTX 3090 Ti,[GPU] RTX_cast,16,9000000,9000000,67108864,-2,0.812739,1321139956.627536,0.756922,36.149731
NVIDIA GeForce RTX 3090 Ti,[GPU] RTX_cast,16,9000000,9000000,67108864,-2,0.855319,1255370236.423848,0.796578,36.142513
NVIDIA GeForce RTX 3090 Ti,[GPU] RTX_cast,16,9000000,9000000,67108864,-2,0.984211,1090967511.155974,0.916618,36.179241
NVIDIA GeForce RTX 3090 Ti,[GPU] RTX_cast,16,9000000,9000000,67108864,-2,0.893350,1201927329.696207,0.831997,36.023312
NVIDIA GeForce RTX 3090 Ti,[GPU] RTX_cast,16,9000000,9000000,67108864,-2,0.954409,1125032785.573078,0.888863,36.181175
NVIDIA GeForce RTX 3090 Ti,[GPU] RTX_cast,16,9000000,9000000,67108864,-2,0.992237,1082142430.165029,0.924093,36.125557
NVIDIA GeForce RTX 3090 Ti,[GPU] RTX_cast,16,9000000,9000000,67108864,-2,0.900401,1192514814.726019,0.838564,36.189209
NVIDIA GeForce RTX 3090 Ti,[GPU] RTX_cast,16,9000000,9000000,67108864,-2,1.064041,1009116833.890181,0.990966,36.117241
NVIDIA GeForce RTX 3090 Ti,[GPU] RTX_cast,16,9000000,9000000,67108864,-2,1.127801,952066514.738258,1.050347,38.298889
NVIDIA GeForce RTX 3090 Ti,[GPU] RTX_cast,16,10000000,10000000,67108864,-2,1.087881,987002696.859623,1.013168,42.311050
NVIDIA GeForce RTX 3090 Ti,[GPU] RTX_cast,16,10000000,10000000,67108864,-2,0.920888,1165984784.723322,0.857644,40.057323
NVIDIA GeForce RTX 3090 Ti,[GPU] RTX_cast,16,10000000,10000000,67108864,-2,0.992446,1081914491.431828,0.924287,40.399769
NVIDIA GeForce RTX 3090 Ti,[GPU] RTX_cast,16,10000000,10000000,67108864,-2,0.893902,1201185280.147352,0.832511,40.049976
NVIDIA GeForce RTX 3090 Ti,[GPU] RTX_cast,16,10000000,10000000,67108864,-2,1.134035,946833230.718622,1.056152,40.113052
NVIDIA GeForce RTX 3090 Ti,[GPU] RTX_cast,16,10000000,10000000,67108864,-2,1.067250,1006082758.491450,0.993954,40.433418
NVIDIA GeForce RTX 3090 Ti,[GPU] RTX_cast,16,10000000,10000000,67108864,-2,1.124202,955114856.581509,1.046994,41.213673
NVIDIA GeForce RTX 3090 Ti,[GPU] RTX_cast,16,10000000,10000000,67108864,-2,0.970968,1105846538.788861,0.904285,40.664402
NVIDIA GeForce RTX 3090 Ti,[GPU] RTX_cast,16,10000000,10000000,67108864,-2,1.177966,911521770.560293,1.097067,40.126232
NVIDIA GeForce RTX 3090 Ti,[GPU] RTX_cast,16,10000000,10000000,67108864,-2,0.954910,1124443347.907479,0.889329,40.001419
NVIDIA GeForce RTX 3090 Ti,[GPU] RTX_cast,16,10000000,10000000,67108864,-2,0.764888,1403788708.766317,0.712358,40.108196
NVIDIA GeForce RTX 3090 Ti,[GPU] RTX_cast,16,10000000,10000000,67108864,-2,1.271624,844386561.206627,1.184292,40.164871
NVIDIA GeForce RTX 3090 Ti,[GPU] RTX_cast,16,10000000,10000000,67108864,-2,0.971593,1105135593.741576,0.904866,40.598820
NVIDIA GeForce RTX 3090 Ti,[GPU] RTX_cast,16,10000000,10000000,67108864,-2,0.991556,1082885477.910558,0.923459,40.475304
NVIDIA GeForce RTX 3090 Ti,[GPU] RTX_cast,16,10000000,10000000,67108864,-2,1.070204,1003305995.420839,0.996705,40.124886
NVIDIA GeForce RTX 3090 Ti,[GPU] RTX_cast,16,10000000,10000000,67108864,-2,0.999858,1073894216.825569,0.931190,40.211414
NVIDIA GeForce RTX 3090 Ti,[GPU] RTX_cast,16,11000000,11000000,67108864,-2,0.913496,1175420975.551409,0.850759,44.117836
NVIDIA GeForce RTX 3090 Ti,[GPU] RTX_cast,16,11000000,11000000,67108864,-2,1.092056,983229499.413154,1.017057,44.037876
NVIDIA GeForce RTX 3090 Ti,[GPU] RTX_cast,16,11000000,11000000,67108864,-2,1.039498,1032942972.334543,0.968108,44.093369
NVIDIA GeForce RTX 3090 Ti,[GPU] RTX_cast,16,11000000,11000000,67108864,-2,1.255449,855265370.812151,1.169228,44.559277
NVIDIA GeForce RTX 3090 Ti,[GPU] RTX_cast,16,11000000,11000000,67108864,-2,1.265801,848270622.682301,1.178869,44.112850
NVIDIA GeForce RTX 3090 Ti,[GPU] RTX_cast,16,11000000,11000000,67108864,-2,1.025061,1047491123.595977,0.954662,46.113522
NVIDIA GeForce RTX 3090 Ti,[GPU] RTX_cast,16,11000000,11000000,67108864,-2,1.035394,1037036651.030482,0.964286,44.108753
NVIDIA GeForce RTX 3090 Ti,[GPU] RTX_cast,16,11000000,11000000,67108864,-2,1.039491,1032949765.211686,0.968101,44.181816
NVIDIA GeForce RTX 3090 Ti,[GPU] RTX_cast,16,11000000,11000000,67108864,-2,1.107444,969567842.765007,1.031387,44.045544
NVIDIA GeForce RTX 3090 Ti,[GPU] RTX_cast,16,11000000,11000000,67108864,-2,0.993259,1081029403.198196,0.925044,44.103931
NVIDIA GeForce RTX 3090 Ti,[GPU] RTX_cast,16,11000000,11000000,67108864,-2,1.039195,1033243764.036684,0.967826,44.075935
NVIDIA GeForce RTX 3090 Ti,[GPU] RTX_cast,16,11000000,11000000,67108864,-2,0.997542,1076387461.394431,0.929033,44.744030
NVIDIA GeForce RTX 3090 Ti,[GPU] RTX_cast,16,11000000,11000000,67108864,-2,1.189568,902631366.540088,1.107872,46.539330
NVIDIA GeForce RTX 3090 Ti,[GPU] RTX_cast,16,11000000,11000000,67108864,-2,0.963624,1114275146.689871,0.897444,44.096664
NVIDIA GeForce RTX 3090 Ti,[GPU] RTX_cast,16,11000000,11000000,67108864,-2,1.350765,794913710.589944,1.257998,44.000713
NVIDIA GeForce RTX 3090 Ti,[GPU] RTX_cast,16,11000000,11000000,67108864,-2,1.173760,914788214.853566,1.093149,43.986362
NVIDIA GeForce RTX 3090 Ti,[GPU] RTX_cast,16,12000000,12000000,67108864,-2,1.118139,960293969.798441,1.041348,47.930527
NVIDIA GeForce RTX 3090 Ti,[GPU] RTX_cast,16,12000000,12000000,67108864,-2,1.536298,698915248.460154,1.430789,48.003136
NVIDIA GeForce RTX 3090 Ti,[GPU] RTX_cast,16,12000000,12000000,67108864,-2,1.326459,809479778.745270,1.235361,48.091831
NVIDIA GeForce RTX 3090 Ti,[GPU] RTX_cast,16,12000000,12000000,67108864,-2,1.123699,955542541.367352,1.046526,47.956604
NVIDIA GeForce RTX 3090 Ti,[GPU] RTX_cast,16,12000000,12000000,67108864,-2,1.364900,786681594.815326,1.271162,48.024052
NVIDIA GeForce RTX 3090 Ti,[GPU] RTX_cast,16,12000000,12000000,67108864,-2,1.400094,766907157.193292,1.303939,48.058395
NVIDIA GeForce RTX 3090 Ti,[GPU] RTX_cast,16,12000000,12000000,67108864,-2,1.323382,811362143.475831,1.232495,47.959038
NVIDIA GeForce RTX 3090 Ti,[GPU] RTX_cast,16,12000000,12000000,67108864,-2,1.123375,955817594.878019,1.046225,48.003033
NVIDIA GeForce RTX 3090 Ti,[GPU] RTX_cast,16,12000000,12000000,67108864,-2,1.102855,973602008.437795,1.027114,47.997543
NVIDIA GeForce RTX 3090 Ti,[GPU] RTX_cast,16,12000000,12000000,67108864,-2,1.081913,992447283.250328,1.007610,47.995808
NVIDIA GeForce RTX 3090 Ti,[GPU] RTX_cast,16,12000000,12000000,67108864,-2,1.120072,958636516.603712,1.043148,47.929535
NVIDIA GeForce RTX 3090 Ti,[GPU] RTX_cast,16,12000000,12000000,67108864,-2,1.676729,640378869.512318,1.561576,48.105537
NVIDIA GeForce RTX 3090 Ti,[GPU] RTX_cast,16,12000000,12000000,67108864,-2,1.061133,1011882595.045095,0.988257,48.005253
NVIDIA GeForce RTX 3090 Ti,[GPU] RTX_cast,16,12000000,12000000,67108864,-2,1.022164,1050459753.069093,0.951964,48.149231
NVIDIA GeForce RTX 3090 Ti,[GPU] RTX_cast,16,12000000,12000000,67108864,-2,1.332037,806090318.386546,1.240556,48.016220
NVIDIA GeForce RTX 3090 Ti,[GPU] RTX_cast,16,12000000,12000000,67108864,-2,1.578359,680290088.698031,1.469961,48.091015
NVIDIA GeForce RTX 3090 Ti,[GPU] RTX_cast,16,13000000,13000000,67108864,-2,1.389348,772838563.340989,1.293931,51.904484
NVIDIA GeForce RTX 3090 Ti,[GPU] RTX_cast,16,13000000,13000000,67108864,-2,1.424597,753716360.082726,1.326759,51.939522
NVIDIA GeForce RTX 3090 Ti,[GPU] RTX_cast,16,13000000,13000000,67108864,-2,1.223491,877604765.176660,1.139465,51.852139
NVIDIA GeForce RTX 3090 Ti,[GPU] RTX_cast,16,13000000,13000000,67108864,-2,1.272170,844023823.002515,1.184801,54.166725
NVIDIA GeForce RTX 3090 Ti,[GPU] RTX_cast,16,13000000,13000000,67108864,-2,1.485489,722820441.024935,1.383469,51.864311
NVIDIA GeForce RTX 3090 Ti,[GPU] RTX_cast,16,13000000,13000000,67108864,-2,1.314565,816803636.967124,1.224284,51.826408
NVIDIA GeForce RTX 3090 Ti,[GPU] RTX_cast,16,13000000,13000000,67108864,-2,1.128794,951228946.707627,1.051272,51.971672
NVIDIA GeForce RTX 3090 Ti,[GPU] RTX_cast,16,13000000,13000000,67108864,-2,1.246907,861124068.516400,1.161273,51.857082
NVIDIA GeForce RTX 3090 Ti,[GPU] RTX_cast,16,13000000,13000000,67108864,-2,1.171021,916927709.855284,1.090599,51.889999
NVIDIA GeForce RTX 3090 Ti,[GPU] RTX_cast,16,13000000,13000000,67108864,-2,1.377474,779500818.326122,1.282872,51.897507
NVIDIA GeForce RTX 3090 Ti,[GPU] RTX_cast,16,13000000,13000000,67108864,-2,1.274075,842762140.203056,1.186574,51.862381
NVIDIA GeForce RTX 3090 Ti,[GPU] RTX_cast,16,13000000,13000000,67108864,-2,1.410388,761309759.367555,1.313526,51.671040
NVIDIA GeForce RTX 3090 Ti,[GPU] RTX_cast,16,13000000,13000000,67108864,-2,1.105083,971639497.524091,1.029188,51.779762
NVIDIA GeForce RTX 3090 Ti,[GPU] RTX_cast,16,13000000,13000000,67108864,-2,1.451336,739829783.940867,1.351662,53.347153
NVIDIA GeForce RTX 3090 Ti,[GPU] RTX_cast,16,13000000,13000000,67108864,-2,1.335585,803948870.106232,1.243860,52.663219
NVIDIA GeForce RTX 3090 Ti,[GPU] RTX_cast,16,13000000,13000000,67108864,-2,1.219311,880613289.432081,1.135572,51.973125
NVIDIA GeForce RTX 3090 Ti,[GPU] RTX_cast,16,14000000,14000000,67108864,-2,1.434475,748526005.872923,1.335959,57.724453
NVIDIA GeForce RTX 3090 Ti,[GPU] RTX_cast,16,14000000,14000000,67108864,-2,1.442225,744503506.409214,1.343177,56.021118
NVIDIA GeForce RTX 3090 Ti,[GPU] RTX_cast,16,14000000,14000000,67108864,-2,1.383255,776242793.594494,1.288257,58.566555
NVIDIA GeForce RTX 3090 Ti,[GPU] RTX_cast,16,14000000,14000000,67108864,-2,1.331572,806371645.776307,1.240123,55.911789
NVIDIA GeForce RTX 3090 Ti,[GPU] RTX_cast,16,14000000,14000000,67108864,-2,1.400944,766441394.491039,1.304731,56.101425
NVIDIA GeForce RTX 3090 Ti,[GPU] RTX_cast,16,14000000,14000000,67108864,-2,1.165529,921248249.082113,1.085484,56.082260
NVIDIA GeForce RTX 3090 Ti,[GPU] RTX_cast,16,14000000,14000000,67108864,-2,1.268792,846271046.724809,1.181655,57.695957
NVIDIA GeForce RTX 3090 Ti,[GPU] RTX_cast,16,14000000,14000000,67108864,-2,1.249514,859327455.613412,1.163701,56.085899
NVIDIA GeForce RTX 3090 Ti,[GPU] RTX_cast,16,14000000,14000000,67108864,-2,1.216014,883000908.711160,1.132502,56.072132
NVIDIA GeForce RTX 3090 Ti,[GPU] RTX_cast,16,14000000,14000000,67108864,-2,1.417456,757513176.870222,1.320109,56.043560
NVIDIA GeForce RTX 3090 Ti,[GPU] RTX_cast,16,14000000,14000000,67108864,-2,1.495332,718062360.902032,1.392637,55.958717
NVIDIA GeForce RTX 3090 Ti,[GPU] RTX_cast,16,14000000,14000000,67108864,-2,1.267516,847122982.947737,1.180466,56.068130
NVIDIA GeForce RTX 3090 Ti,[GPU] RTX_cast,16,14000000,14000000,67108864,-2,1.290977,831728285.129629,1.202316,56.028271
NVIDIA GeForce RTX 3090 Ti,[GPU] RTX_cast,16,14000000,14000000,67108864,-2,1.252087,857561565.874480,1.166097,55.966309
NVIDIA GeForce RTX 3090 Ti,[GPU] RTX_cast,16,14000000,14000000,67108864,-2,1.268333,846577050.902457,1.181227,56.035416
NVIDIA GeForce RTX 3090 Ti,[GPU] RTX_cast,16,14000000,14000000,67108864,-2,1.291433,831434491.217570,1.202741,55.951183
NVIDIA GeForce RTX 3090 Ti,[GPU] RTX_cast,16,15000000,15000000,67108864,-2,1.591762,674561805.742672,1.482444,60.022202
NVIDIA GeForce RTX 3090 Ti,[GPU] RTX_cast,16,15000000,15000000,67108864,-2,2.073252,517902114.839281,1.930867,60.012211
NVIDIA GeForce RTX 3090 Ti,[GPU] RTX_cast,16,15000000,15000000,67108864,-2,1.401757,765996942.158612,1.305488,60.124660
NVIDIA GeForce RTX 3090 Ti,[GPU] RTX_cast,16,15000000,15000000,67108864,-2,1.472289,729301079.116059,1.371176,60.141342
NVIDIA GeForce RTX 3090 Ti,[GPU] RTX_cast,16,15000000,15000000,67108864,-2,1.337828,802601018.643578,1.245949,60.076828
NVIDIA GeForce RTX 3090 Ti,[GPU] RTX_cast,16,15000000,15000000,67108864,-2,1.526143,703565471.666472,1.421332,59.889454
NVIDIA GeForce RTX 3090 Ti,[GPU] RTX_cast,16,15000000,15000000,67108864,-2,1.523128,704958453.670269,1.418523,59.836086
NVIDIA GeForce RTX 3090 Ti,[GPU] RTX_cast,16,15000000,15000000,67108864,-2,1.397701,768220012.374534,1.301710,60.052010
NVIDIA GeForce RTX 3090 Ti,[GPU] RTX_cast,16,15000000,15000000,67108864,-2,1.515954,708294415.308016,1.411842,61.217182
NVIDIA GeForce RTX 3090 Ti,[GPU] RTX_cast,16,15000000,15000000,67108864,-2,1.556411,689883263.998655,1.449521,59.974812
NVIDIA GeForce RTX 3090 Ti,[GPU] RTX_cast,16,15000000,15000000,67108864,-2,1.431778,749935738.809591,1.333448,59.997467
NVIDIA GeForce RTX 3090 Ti,[GPU] RTX_cast,16,15000000,15000000,67108864,-2,1.380624,777722312.941504,1.285806,59.933792
NVIDIA GeForce RTX 3090 Ti,[GPU] RTX_cast,16,15000000,15000000,67108864,-2,1.426510,752705425.583670,1.328541,60.812790
NVIDIA GeForce RTX 3090 Ti,[GPU] RTX_cast,16,15000000,15000000,67108864,-2,1.299289,826407035.378603,1.210057,59.940750
NVIDIA GeForce RTX 3090 Ti,[GPU] RTX_cast,16,15000000,15000000,67108864,-2,1.449169,740936451.068850,1.349643,60.340523
NVIDIA GeForce RTX 3090 Ti,[GPU] RTX_cast,16,15000000,15000000,67108864,-2,1.252026,857603454.850376,1.166040,60.505440
NVIDIA GeForce RTX 3090 Ti,[GPU] RTX_cast,16,16000000,16000000,67108864,-2,2.177880,493021599.801628,2.028309,63.958759
NVIDIA GeForce RTX 3090 Ti,[GPU] RTX_cast,16,16000000,16000000,67108864,-2,1.989568,539685816.242727,1.852930,64.020279
NVIDIA GeForce RTX 3090 Ti,[GPU] RTX_cast,16,16000000,16000000,67108864,-2,1.310694,819216269.243998,1.220679,63.849770
NVIDIA GeForce RTX 3090 Ti,[GPU] RTX_cast,16,16000000,16000000,67108864,-2,1.447530,741775038.286521,1.348118,64.094414
NVIDIA GeForce RTX 3090 Ti,[GPU] RTX_cast,16,16000000,16000000,67108864,-2,1.581042,679135340.931292,1.472461,63.978329
NVIDIA GeForce RTX 3090 Ti,[GPU] RTX_cast,16,16000000,16000000,67108864,-2,1.281147,838109473.529513,1.193162,63.983795
NVIDIA GeForce RTX 3090 Ti,[GPU] RTX_cast,16,16000000,16000000,67108864,-2,1.342115,800037202.083022,1.249942,63.929028
NVIDIA GeForce RTX 3090 Ti,[GPU] RTX_cast,16,16000000,16000000,67108864,-2,1.463894,733483354.682565,1.363357,64.055054
NVIDIA GeForce RTX 3090 Ti,[GPU] RTX_cast,16,16000000,16000000,67108864,-2,1.858421,577771104.183916,1.730789,64.025528
NVIDIA GeForce RTX 3090 Ti,[GPU] RTX_cast,16,16000000,16000000,67108864,-2,1.402234,765736477.503900,1.305932,63.940117
NVIDIA GeForce RTX 3090 Ti,[GPU] RTX_cast,16,16000000,16000000,67108864,-2,1.311292,818842889.506252,1.221235,66.282242
NVIDIA GeForce RTX 3090 Ti,[GPU] RTX_cast,16,16000000,16000000,67108864,-2,1.475652,727638748.074872,1.374308,64.013763
NVIDIA GeForce RTX 3090 Ti,[GPU] RTX_cast,16,16000000,16000000,67108864,-2,1.542314,696188764.744031,1.436392,64.183952
NVIDIA GeForce RTX 3090 Ti,[GPU] RTX_cast,16,16000000,16000000,67108864,-2,1.423160,754477218.452039,1.325421,63.987003
NVIDIA GeForce RTX 3090 Ti,[GPU] RTX_cast,16,16000000,16000000,67108864,-2,1.491732,719795191.318818,1.389284,63.937126
NVIDIA GeForce RTX 3090 Ti,[GPU] RTX_cast,16,16000000,16000000,67108864,-2,1.380135,777997465.096666,1.285351,64.116386
NVIDIA GeForce RTX 3090 Ti,[GPU] RTX_cast,16,1000000,1000000,67108864,-3,4.702697,228324698.537440,4.379728,4.510599
NVIDIA GeForce RTX 3090 Ti,[GPU] RTX_cast,16,1000000,1000000,67108864,-3,4.090570,262491976.926495,3.809640,4.466295
NVIDIA GeForce RTX 3090 Ti,[GPU] RTX_cast,16,1000000,1000000,67108864,-3,3.504572,306383152.469845,3.263887,4.411209
NVIDIA GeForce RTX 3090 Ti,[GPU] RTX_cast,16,1000000,1000000,67108864,-3,3.633159,295539458.374500,3.383643,4.398355
NVIDIA GeForce RTX 3090 Ti,[GPU] RTX_cast,16,1000000,1000000,67108864,-3,3.611275,297330423.638911,3.363262,4.456310
NVIDIA GeForce RTX 3090 Ti,[GPU] RTX_cast,16,1000000,1000000,67108864,-3,3.495494,307178836.754684,3.255433,4.466963
NVIDIA GeForce RTX 3090 Ti,[GPU] RTX_cast,16,1000000,1000000,67108864,-3,3.372679,318364647.384407,3.141052,4.494389
NVIDIA GeForce RTX 3090 Ti,[GPU] RTX_cast,16,1000000,1000000,67108864,-3,3.691179,290893965.052747,3.437679,4.431052
NVIDIA GeForce RTX 3090 Ti,[GPU] RTX_cast,16,1000000,1000000,67108864,-3,3.414185,314494369.559441,3.179707,4.419936
NVIDIA GeForce RTX 3090 Ti,[GPU] RTX_cast,16,1000000,1000000,67108864,-3,3.502772,306540557.793645,3.262211,4.479406
NVIDIA GeForce RTX 3090 Ti,[GPU] RTX_cast,16,1000000,1000000,67108864,-3,3.557663,301810991.671532,3.313332,4.476282
NVIDIA GeForce RTX 3090 Ti,[GPU] RTX_cast,16,1000000,1000000,67108864,-3,3.600285,298237974.101581,3.353027,4.410546
NVIDIA GeForce RTX 3090 Ti,[GPU] RTX_cast,16,1000000,1000000,67108864,-3,3.640408,294950920.907380,3.390395,4.378470
NVIDIA GeForce RTX 3090 Ti,[GPU] RTX_cast,16,1000000,1000000,67108864,-3,3.831629,280231162.847883,3.568482,4.504166
NVIDIA GeForce RTX 3090 Ti,[GPU] RTX_cast,16,1000000,1000000,67108864,-3,4.404282,243794963.348215,4.101807,4.394671
NVIDIA GeForce RTX 3090 Ti,[GPU] RTX_cast,16,1000000,1000000,67108864,-3,4.312080,249007886.247969,4.015937,4.417630
NVIDIA GeForce RTX 3090 Ti,[GPU] RTX_cast,16,2000000,2000000,67108864,-3,5.667410,189458993.507975,5.278187,8.643534
NVIDIA GeForce RTX 3090 Ti,[GPU] RTX_cast,16,2000000,2000000,67108864,-3,5.705144,188205925.706775,5.313329,8.757080
NVIDIA GeForce RTX 3090 Ti,[GPU] RTX_cast,16,2000000,2000000,67108864,-3,5.624384,190908349.122274,5.238116,8.632649
NVIDIA GeForce RTX 3090 Ti,[GPU] RTX_cast,16,2000000,2000000,67108864,-3,5.640195,190373179.910275,5.252841,8.763888
NVIDIA GeForce RTX 3090 Ti,[GPU] RTX_cast,16,2000000,2000000,67108864,-3,7.600062,141280657.099859,7.078110,9.027711
NVIDIA GeForce RTX 3090 Ti,[GPU] RTX_cast,16,2000000,2000000,67108864,-3,5.691501,188657040.788353,5.300624,8.779050
NVIDIA GeForce RTX 3090 Ti,[GPU] RTX_cast,16,2000000,2000000,67108864,-3,5.573420,192654032.721578,5.190652,8.625259
NVIDIA GeForce RTX 3090 Ti,[GPU] RTX_cast,16,2000000,2000000,67108864,-3,5.372643,199853574.546685,5.003663,8.705254
NVIDIA GeForce RTX 3090 Ti,[GPU] RTX_cast,16,2000000,2000000,67108864,-3,5.894350,182164582.389999,5.489541,8.715858
NVIDIA GeForce RTX 3090 Ti,[GPU] RTX_cast,16,2000000,2000000,67108864,-3,5.399085,198874778.183441,5.028290,8.755767
NVIDIA GeForce RTX 3090 Ti,[GPU] RTX_cast,16,2000000,2000000,67108864,-3,5.399438,198861793.288653,5.028618,8.658038
NVIDIA GeForce RTX 3090 Ti,[GPU] RTX_cast,16,2000000,2000000,67108864,-3,6.026565,178168132.997742,5.612676,8.723660
NVIDIA GeForce RTX 3090 Ti,[GPU] RTX_cast,16,2000000,2000000,67108864,-3,5.575948,192566676.978114,5.193006,8.633965
NVIDIA GeForce RTX 3090 Ti,[GPU] RTX_cast,16,2000000,2000000,67108864,-3,6.418011,167301331.431540,5.977239,8.677763
NVIDIA GeForce RTX 3090 Ti,[GPU] RTX_cast,16,2000000,2000000,67108864,-3,5.166450,207829725.418346,4.811631,8.757545
NVIDIA GeForce RTX 3090 Ti,[GPU] RTX_cast,16,2000000,2000000,67108864,-3,5.466594,196418789.688257,5.091163,8.661928
NVIDIA GeForce RTX 3090 Ti,[GPU] RTX_cast,16,3000000,3000000,67108864,-3,7.221668,148683355.236817,6.725702,12.640213
NVIDIA GeForce RTX 3090 Ti,[GPU] RTX_cast,16,3000000,3000000,67108864,-3,7.430811,144498604.381133,6.920482,12.619898
NVIDIA GeForce RTX 3090 Ti,[GPU] RTX_cast,16,3000000,3000000,67108864,-3,7.225571,148603045.157886,6.729337,12.547325
NVIDIA GeForce RTX 3090 Ti,[GPU] RTX_cast,16,3000000,3000000,67108864,-3,6.840027,156979182.492759,6.370271,13.018205
NVIDIA GeForce RTX 3090 Ti,[GPU] RTX_cast,16,3000000,3000000,67108864,-3,7.067021,151936979.470346,6.581676,12.656710
NVIDIA GeForce RTX 3090 Ti,[GPU] RTX_cast,16,3000000,3000000,67108864,-3,7.769544,138198813.737056,7.235952,12.548788
NVIDIA GeForce RTX 3090 Ti,[GPU] RTX_cast,16,3000000,3000000,67108864,-3,7.059779,152092831.637852,6.574932,12.640959
NVIDIA GeForce RTX 3090 Ti,[GPU] RTX_cast,16,3000000,3000000,67108864,-3,7.543574,142338613.283929,7.025501,12.607388
NVIDIA GeForce RTX 3090 Ti,[GPU] RTX_cast,16,3000000,3000000,67108864,-3,7.278925,147513795.349078,6.779027,12.576216
NVIDIA GeForce RTX 3090 Ti,[GPU] RTX_cast,16,3000000,3000000,67108864,-3,7.560888,142012657.498347,7.041626,12.574717
NVIDIA GeForce RTX 3090 Ti,[GPU] RTX_cast,16,3000000,3000000,67108864,-3,6.910810,155371351.659375,6.436193,12.526089
NVIDIA GeForce RTX 3090 Ti,[GPU] RTX_cast,16,3000000,3000000,67108864,-3,8.259649,129998474.532333,7.692398,12.477704
NVIDIA GeForce RTX 3090 Ti,[GPU] RTX_cast,16,3000000,3000000,67108864,-3,6.652136,161413083.977737,6.195285,12.494826
NVIDIA GeForce RTX 3090 Ti,[GPU] RTX_cast,16,3000000,3000000,67108864,-3,7.211123,148900786.982241,6.715881,12.540023
NVIDIA GeForce RTX 3090 Ti,[GPU] RTX_cast,16,3000000,3000000,67108864,-3,7.766246,138257515.735004,7.232880,12.581404
NVIDIA GeForce RTX 3090 Ti,[GPU] RTX_cast,16,3000000,3000000,67108864,-3,8.484809,126548738.505537,7.902094,12.655918
NVIDIA GeForce RTX 3090 Ti,[GPU] RTX_cast,16,4000000,4000000,67108864,-3,9.790967,109666578.007670,9.118548,16.599215
NVIDIA GeForce RTX 3090 Ti,[GPU] RTX_cast,16,4000000,4000000,67108864,-3,8.408570,127696122.419741,7.831091,16.610342
NVIDIA GeForce RTX 3090 Ti,[GPU] RTX_cast,16,4000000,4000000,67108864,-3,10.084945,106469771.597981,9.392337,16.568691
NVIDIA GeForce RTX 3090 Ti,[GPU] RTX_cast,16,4000000,4000000,67108864,-3,8.471464,126748085.199173,7.889666,16.602493
NVIDIA GeForce RTX 3090 Ti,[GPU] RTX_cast,16,4000000,4000000,67108864,-3,9.635608,111434771.900248,8.973860,16.540918
NVIDIA GeForce RTX 3090 Ti,[GPU] RTX_cast,16,4000000,4000000,67108864,-3,8.038632,133572708.131716,7.486559,16.495083
NVIDIA GeForce RTX 3090 Ti,[GPU] RTX_cast,16,4000000,4000000,67108864,-3,8.398907,127843038.985378,7.822092,16.568518
NVIDIA GeForce RTX 3090 Ti,[GPU] RTX_cast,16,4000000,4000000,67108864,-3,9.121828,117711253.630971,8.495364,16.551111
NVIDIA GeForce RTX 3090 Ti,[GPU] RTX_cast,16,4000000,4000000,67108864,-3,9.180447,116959641.827091,8.549958,16.601791
NVIDIA GeForce RTX 3090 Ti,[GPU] RTX_cast,16,4000000,4000000,67108864,-3,8.318698,129075703.041447,7.747391,16.592857
NVIDIA GeForce RTX 3090 Ti,[GPU] RTX_cast,16,4000000,4000000,67108864,-3,8.434305,127306501.695550,7.855058,16.546324
NVIDIA GeForce RTX 3090 Ti,[GPU] RTX_cast,16,4000000,4000000,67108864,-3,8.221128,130607604.355917,7.656522,16.548626
NVIDIA GeForce RTX 3090 Ti,[GPU] RTX_cast,16,4000000,4000000,67108864,-3,8.079062,132904276.181714,7.524212,16.504496
NVIDIA GeForce RTX 3090 Ti,[GPU] RTX_cast,16,4000000,4000000,67108864,-3,8.338843,128763888.848017,7.766153,16.510662
NVIDIA GeForce RTX 3090 Ti,[GPU] RTX_cast,16,4000000,4000000,67108864,-3,8.330118,128898750.636251,7.758027,16.562105
NVIDIA GeForce RTX 3090 Ti,[GPU] RTX_cast,16,4000000,4000000,67108864,-3,10.077657,106546769.736308,9.385550,16.548262
NVIDIA GeForce RTX 3090 Ti,[GPU] RTX_cast,16,5000000,5000000,67108864,-3,12.874754,83399017.318596,11.990549,20.385645
NVIDIA GeForce RTX 3090 Ti,[GPU] RTX_cast,16,5000000,5000000,67108864,-3,9.882188,108654254.727744,9.203505,20.526331
NVIDIA GeForce RTX 3090 Ti,[GPU] RTX_cast,16,5000000,5000000,67108864,-3,10.006329,107306267.173677,9.319120,20.404066
NVIDIA GeForce RTX 3090 Ti,[GPU] RTX_cast,16,5000000,5000000,67108864,-3,9.581027,112069591.858584,8.923027,20.375765
NVIDIA GeForce RTX 3090 Ti,[GPU] RTX_cast,16,5000000,5000000,67108864,-3,9.428454,113883125.741903,8.780932,20.341619
NVIDIA GeForce RTX 3090 Ti,[GPU] RTX_cast,16,5000000,5000000,67108864,-3,9.641651,111364929.420095,8.979488,20.423418
NVIDIA GeForce RTX 3090 Ti,[GPU] RTX_cast,16,5000000,5000000,67108864,-3,11.031661,97332741.739707,10.274035,22.690802
NVIDIA GeForce RTX 3090 Ti,[GPU] RTX_cast,16,5000000,5000000,67108864,-3,9.117006,117773514.743974,8.490873,20.526829
NVIDIA GeForce RTX 3090 Ti,[GPU] RTX_cast,16,5000000,5000000,67108864,-3,11.500388,93365706.656798,10.710571,20.393787
NVIDIA GeForce RTX 3090 Ti,[GPU] RTX_cast,16,5000000,5000000,67108864,-3,8.796378,122066358.742518,8.192265,20.366903
NVIDIA GeForce RTX 3090 Ti,[GPU] RTX_cast,16,5000000,5000000,67108864,-3,8.911524,120489130.042176,8.299504,20.459076
NVIDIA GeForce RTX 3090 Ti,[GPU] RTX_cast,16,5000000,5000000,67108864,-3,9.824585,109291316.454506,9.149858,20.450094
NVIDIA GeForce RTX 3090 Ti,[GPU] RTX_cast,16,5000000,5000000,67108864,-3,10.288768,104360587.003918,9.582162,20.502861
NVIDIA GeForce RTX 3090 Ti,[GPU] RTX_cast,16,5000000,5000000,67108864,-3,11.930109,90002680.633429,11.110780,20.455740
NVIDIA GeForce RTX 3090 Ti,[GPU] RTX_cast,16,5000000,5000000,67108864,-3,9.525986,112717128.391191,8.871766,20.374393
NVIDIA GeForce RTX 3090 Ti,[GPU] RTX_cast,16,5000000,5000000,67108864,-3,9.067695,118413972.569174,8.444949,20.449060
NVIDIA GeForce RTX 3090 Ti,[GPU] RTX_cast,16,6000000,6000000,67108864,-3,10.480971,102446791.849142,9.761165,24.426949
NVIDIA GeForce RTX 3090 Ti,[GPU] RTX_cast,16,6000000,6000000,67108864,-3,11.477499,93551898.528362,10.689254,24.307995
NVIDIA GeForce RTX 3090 Ti,[GPU] RTX_cast,16,6000000,6000000,67108864,-3,10.567154,101611256.335827,9.841429,24.447004
NVIDIA GeForce RTX 3090 Ti,[GPU] RTX_cast,16,6000000,6000000,67108864,-3,11.722089,91599870.651520,10.917046,24.386686
NVIDIA GeForce RTX 3090 Ti,[GPU] RTX_cast,16,6000000,6000000,67108864,-3,11.457398,93716023.742846,10.670534,24.449938
NVIDIA GeForce RTX 3090 Ti,[GPU] RTX_cast,16,6000000,6000000,67108864,-3,10.316961,104075398.802488,9.608419,24.582300
NVIDIA GeForce RTX 3090 Ti,[GPU] RTX_cast,16,6000000,6000000,67108864,-3,10.697777,100370552.638891,9.963082,24.380442
NVIDIA GeForce RTX 3090 Ti,[GPU] RTX_cast,16,6000000,6000000,67108864,-3,11.796440,91022527.549732,10.986291,24.537956
NVIDIA GeForce RTX 3090 Ti,[GPU] RTX_cast,16,6000000,6000000,67108864,-3,10.026780,107087399.416192,9.338167,24.433529
NVIDIA GeForce RTX 3090 Ti,[GPU] RTX_cast,16,6000000,6000000,67108864,-3,10.373062,103512528.251561,9.660666,24.468363
NVIDIA GeForce RTX 3090 Ti,[GPU] RTX_cast,16,6000000,6000000,67108864,-3,9.911586,108331989.529299,9.230884,24.406679
NVIDIA GeForce RTX 3090 Ti,[GPU] RTX_cast,16,6000000,6000000,67108864,-3,12.034839,89219459.923765,11.208317,24.528322
NVIDIA GeForce RTX 3090 Ti,[GPU] RTX_cast,16,6000000,6000000,67108864,-3,10.348640,103756808.670222,9.637922,24.430120
NVIDIA GeForce RTX 3090 Ti,[GPU] RTX_cast,16,6000000,6000000,67108864,-3,9.855439,108949157.377202,9.178593,24.540421
NVIDIA GeForce RTX 3090 Ti,[GPU] RTX_cast,16,6000000,6000000,67108864,-3,11.163888,96179919.872433,10.397181,24.398533
NVIDIA GeForce RTX 3090 Ti,[GPU] RTX_cast,16,6000000,6000000,67108864,-3,10.067094,106658570.056527,9.375712,24.339928
NVIDIA GeForce RTX 3090 Ti,[GPU] RTX_cast,16,7000000,7000000,67108864,-3,10.828160,99161982.137865,10.084510,28.350918
NVIDIA GeForce RTX 3090 Ti,[GPU] RTX_cast,16,7000000,7000000,67108864,-3,12.454064,86216176.898826,11.598751,28.297474
NVIDIA GeForce RTX 3090 Ti,[GPU] RTX_cast,16,7000000,7000000,67108864,-3,12.639020,84954518.928084,11.771004,28.305519
NVIDIA GeForce RTX 3090 Ti,[GPU] RTX_cast,16,7000000,7000000,67108864,-3,13.415683,80036316.797207,12.494328,28.514292
NVIDIA GeForce RTX 3090 Ti,[GPU] RTX_cast,16,7000000,7000000,67108864,-3,14.031910,76521429.516262,13.068235,28.453016
NVIDIA GeForce RTX 3090 Ti,[GPU] RTX_cast,16,7000000,7000000,67108864,-3,11.133798,96439852.628482,10.369157,28.380144
NVIDIA GeForce RTX 3090 Ti,[GPU] RTX_cast,16,7000000,7000000,67108864,-3,11.562026,92867961.886614,10.767976,28.467537
NVIDIA GeForce RTX 3090 Ti,[GPU] RTX_cast,16,7000000,7000000,67108864,-3,12.756767,84170374.636194,11.880665,28.316172
NVIDIA GeForce RTX 3090 Ti,[GPU] RTX_cast,16,7000000,7000000,67108864,-3,13.157301,81608062.462945,12.253691,28.314880
NVIDIA GeForce RTX 3090 Ti,[GPU] RTX_cast,16,7000000,7000000,67108864,-3,12.956478,82872973.828170,12.066660,28.274998
NVIDIA GeForce RTX 3090 Ti,[GPU] RTX_cast,16,7000000,7000000,67108864,-3,12.041237,89172050.747809,11.214276,28.378920
NVIDIA GeForce RTX 3090 Ti,[GPU] RTX_cast,16,7000000,7000000,67108864,-3,12.109410,88670035.133446,11.277767,28.292828
NVIDIA GeForce RTX 3090 Ti,[GPU] RTX_cast,16,7000000,7000000,67108864,-3,11.714945,91655726.540550,10.910393,28.288853
NVIDIA GeForce RTX 3090 Ti,[GPU] RTX_cast,16,7000000,7000000,67108864,-3,14.778776,72654311.650860,13.763808,29.054056
NVIDIA GeForce RTX 3090 Ti,[GPU] RTX_cast,16,7000000,7000000,67108864,-3,13.463087,79754504.360991,12.538477,28.419420
NVIDIA GeForce RTX 3090 Ti,[GPU] RTX_cast,16,7000000,7000000,67108864,-3,11.111856,96630282.193121,10.348723,28.638372
NVIDIA GeForce RTX 3090 Ti,[GPU] RTX_cast,16,8000000,8000000,67108864,-3,15.345238,69972313.516433,14.291367,32.300941
NVIDIA GeForce RTX 3090 Ti,[GPU] RTX_cast,16,8000000,8000000,67108864,-3,11.923109,90055520.773079,11.104261,32.343342
NVIDIA GeForce RTX 3090 Ti,[GPU] RTX_cast,16,8000000,8000000,67108864,-3,15.328858,70047083.487277,14.276112,32.361004
NVIDIA GeForce RTX 3090 Ti,[GPU] RTX_cast,16,8000000,8000000,67108864,-3,14.394992,74591344.685299,13.406381,32.335575
NVIDIA GeForce RTX 3090 Ti,[GPU] RTX_cast,16,8000000,8000000,67108864,-3,12.167911,88243726.657775,11.332250,32.343929
NVIDIA GeForce RTX 3090 Ti,[GPU] RTX_cast,16,8000000,8000000,67108864,-3,14.076021,76281627.247578,13.109317,32.318256
NVIDIA GeForce RTX 3090 Ti,[GPU] RTX_cast,16,8000000,8000000,67108864,-3,12.214483,87907264.595190,11.375624,32.273655
NVIDIA GeForce RTX 3090 Ti,[GPU] RTX_cast,16,8000000,8000000,67108864,-3,12.766382,84106980.176435,11.889620,32.211994
NVIDIA GeForce RTX 3090 Ti,[GPU] RTX_cast,16,8000000,8000000,67108864,-3,12.346960,86964064.627814,11.499003,32.336903
NVIDIA GeForce RTX 3090 Ti,[GPU] RTX_cast,16,8000000,8000000,67108864,-3,13.869518,77417388.020295,12.916995,32.342762
NVIDIA GeForce RTX 3090 Ti,[GPU] RTX_cast,16,8000000,8000000,67108864,-3,12.436930,86334959.751295,11.582793,32.337769
NVIDIA GeForce RTX 3090 Ti,[GPU] RTX_cast,16,8000000,8000000,67108864,-3,12.775381,84047734.922286,11.898001,32.378582
NVIDIA GeForce RTX 3090 Ti,[GPU] RTX_cast,16,8000000,8000000,67108864,-3,14.227234,75470874.781312,13.250145,32.294479
NVIDIA GeForce RTX 3090 Ti,[GPU] RTX_cast,16,8000000,8000000,67108864,-3,13.353268,80410417.728690,12.436200,34.817890
NVIDIA GeForce RTX 3090 Ti,[GPU] RTX_cast,16,8000000,8000000,67108864,-3,15.422335,69622519.982845,14.363169,32.712727
NVIDIA GeForce RTX 3090 Ti,[GPU] RTX_cast,16,8000000,8000000,67108864,-3,15.486805,69332689.710141,14.423211,32.274052
NVIDIA GeForce RTX 3090 Ti,[GPU] RTX_cast,16,9000000,9000000,67108864,-3,15.247995,70418557.702034,14.200802,36.296013
NVIDIA GeForce RTX 3090 Ti,[GPU] RTX_cast,16,9000000,9000000,67108864,-3,14.474710,74180541.572002,13.480624,36.250599
NVIDIA GeForce RTX 3090 Ti,[GPU] RTX_cast,16,9000000,9000000,67108864,-3,12.674818,84714572.907927,11.804344,36.313126
NVIDIA GeForce RTX 3090 Ti,[GPU] RTX_cast,16,9000000,9000000,67108864,-3,13.086453,82049873.540505,12.187709,36.318947
NVIDIA GeForce RTX 3090 Ti,[GPU] RTX_cast,16,9000000,9000000,67108864,-3,13.668493,78555976.222976,12.729776,37.086975
NVIDIA GeForce RTX 3090 Ti,[GPU] RTX_cast,16,9000000,9000000,67108864,-3,13.894548,77277924.799781,12.940306,36.185295
NVIDIA GeForce RTX 3090 Ti,[GPU] RTX_cast,16,9000000,9000000,67108864,-3,15.477188,69375767.157323,14.414255,36.323078
NVIDIA GeForce RTX 3090 Ti,[GPU] RTX_cast,16,9000000,9000000,67108864,-3,22.108178,48567631.258477,20.589845,36.322281
NVIDIA GeForce RTX 3090 Ti,[GPU] RTX_cast,16,9000000,9000000,67108864,-3,14.207676,75574769.619745,13.231929,36.330353
NVIDIA GeForce RTX 3090 Ti,[GPU] RTX_cast,16,9000000,9000000,67108864,-3,12.622659,85064629.307894,11.755767,36.205593
NVIDIA GeForce RTX 3090 Ti,[GPU] RTX_cast,16,9000000,9000000,67108864,-3,13.169760,81530858.809029,12.265295,36.229191
NVIDIA GeForce RTX 3090 Ti,[GPU] RTX_cast,16,9000000,9000000,67108864,-3,13.945691,76994520.581374,12.987937,36.323959
NVIDIA GeForce RTX 3090 Ti,[GPU] RTX_cast,16,9000000,9000000,67108864,-3,13.307400,80687571.763186,12.393482,36.298481
NVIDIA GeForce RTX 3090 Ti,[GPU] RTX_cast,16,9000000,9000000,67108864,-3,14.531624,73890008.595612,13.533629,36.295933
NVIDIA GeForce RTX 3090 Ti,[GPU] RTX_cast,16,9000000,9000000,67108864,-3,13.989444,76753715.030815,13.028685,36.327217
NVIDIA GeForce RTX 3090 Ti,[GPU] RTX_cast,16,9000000,9000000,67108864,-3,14.203444,75597284.616607,13.227988,37.106514
NVIDIA GeForce RTX 3090 Ti,[GPU] RTX_cast,16,10000000,10000000,67108864,-3,14.443134,74342718.116557,13.451217,40.347698
NVIDIA GeForce RTX 3090 Ti,[GPU] RTX_cast,16,10000000,10000000,67108864,-3,23.113041,46456103.429840,21.525697,40.740501
NVIDIA GeForce RTX 3090 Ti,[GPU] RTX_cast,16,10000000,10000000,67108864,-3,14.923452,71949962.603822,13.898548,40.427490
NVIDIA GeForce RTX 3090 Ti,[GPU] RTX_cast,16,10000000,10000000,67108864,-3,14.167980,75786512.154525,13.194960,40.498302
NVIDIA GeForce RTX 3090 Ti,[GPU] RTX_cast,16,10000000,10000000,67108864,-3,13.764691,78006966.688149,12.819368,41.662846
NVIDIA GeForce RTX 3090 Ti,[GPU] RTX_cast,16,10000000,10000000,67108864,-3,17.234826,62300705.170570,16.051183,40.250366
NVIDIA GeForce RTX 3090 Ti,[GPU] RTX_cast,16,10000000,10000000,67108864,-3,15.759801,68131687.633861,14.677458,40.268543
NVIDIA GeForce RTX 3090 Ti,[GPU] RTX_cast,16,10000000,10000000,67108864,-3,14.947175,71835770.841676,13.920641,40.270588
NVIDIA GeForce RTX 3090 Ti,[GPU] RTX_cast,16,10000000,10000000,67108864,-3,14.235523,75426929.590203,13.257864,40.184258
NVIDIA GeForce RTX 3090 Ti,[GPU] RTX_cast,16,10000000,10000000,67108864,-3,16.755197,64084105.187045,15.604493,40.244934
NVIDIA GeForce RTX 3090 Ti,[GPU] RTX_cast,16,10000000,10000000,67108864,-3,15.651938,68601208.252972,14.577003,40.343292
NVIDIA GeForce RTX 3090 Ti,[GPU] RTX_cast,16,10000000,10000000,67108864,-3,13.546192,79265212.958467,12.615875,40.616581
NVIDIA GeForce RTX 3090 Ti,[GPU] RTX_cast,16,10000000,10000000,67108864,-3,14.992590,71618168.387873,13.962937,41.041405
NVIDIA GeForce RTX 3090 Ti,[GPU] RTX_cast,16,10000000,10000000,67108864,-3,14.106996,76114136.338048,13.138164,40.395279
NVIDIA GeForce RTX 3090 Ti,[GPU] RTX_cast,16,10000000,10000000,67108864,-3,13.512094,79465243.793176,12.584118,40.225174
NVIDIA GeForce RTX 3090 Ti,[GPU] RTX_cast,16,10000000,10000000,67108864,-3,17.411621,61668113.394991,16.215836,40.287075
NVIDIA GeForce RTX 3090 Ti,[GPU] RTX_cast,16,11000000,11000000,67108864,-3,14.061918,76358134.529457,13.096182,44.172455
NVIDIA GeForce RTX 3090 Ti,[GPU] RTX_cast,16,11000000,11000000,67108864,-3,15.244750,70433547.549156,14.197780,44.225731
NVIDIA GeForce RTX 3090 Ti,[GPU] RTX_cast,16,11000000,11000000,67108864,-3,16.126439,66582696.516554,15.018917,44.298973
NVIDIA GeForce RTX 3090 Ti,[GPU] RTX_cast,16,11000000,11000000,67108864,-3,15.004480,71561413.021683,13.974011,44.224655
NVIDIA GeForce RTX 3090 Ti,[GPU] RTX_cast,16,11000000,11000000,67108864,-3,17.594074,61028606.032349,16.385758,44.323586
NVIDIA GeForce RTX 3090 Ti,[GPU] RTX_cast,16,11000000,11000000,67108864,-3,15.081654,71195228.511668,14.045885,44.163742
NVIDIA GeForce RTX 3090 Ti,[GPU] RTX_cast,16,11000000,11000000,67108864,-3,20.740049,51771422.184114,19.315676,44.146549
NVIDIA GeForce RTX 3090 Ti,[GPU] RTX_cast,16,11000000,11000000,67108864,-3,15.889421,67575894.103579,14.798176,44.101116
NVIDIA GeForce RTX 3090 Ti,[GPU] RTX_cast,16,11000000,11000000,67108864,-3,14.950667,71818991.390892,13.923894,44.215763
NVIDIA GeForce RTX 3090 Ti,[GPU] RTX_cast,16,11000000,11000000,67108864,-3,16.991312,63193577.541464,15.824393,44.165894
NVIDIA GeForce RTX 3090 Ti,[GPU] RTX_cast,16,11000000,11000000,67108864,-3,15.379676,69815634.560323,14.323439,44.169235
NVIDIA GeForce RTX 3090 Ti,[GPU] RTX_cast,16,11000000,11000000,67108864,-3,17.569385,61114366.742130,16.362765,44.355930
NVIDIA GeForce RTX 3090 Ti,[GPU] RTX_cast,16,11000000,11000000,67108864,-3,15.395775,69742627.230963,14.338433,44.238815
NVIDIA GeForce RTX 3090 Ti,[GPU] RTX_cast,16,11000000,11000000,67108864,-3,18.116549,59268563.465745,16.872351,44.211418
NVIDIA GeForce RTX 3090 Ti,[GPU] RTX_cast,16,11000000,11000000,67108864,-3,15.696603,68406001.956658,14.618600,44.330200
NVIDIA GeForce RTX 3090 Ti,[GPU] RTX_cast,16,11000000,11000000,67108864,-3,18.127012,59234353.718068,16.882095,44.164753
NVIDIA GeForce RTX 3090 Ti,[GPU] RTX_cast,16,12000000,12000000,67108864,-3,20.581490,52170266.184450,19.168006,48.312614
NVIDIA GeForce RTX 3090 Ti,[GPU] RTX_cast,16,12000000,12000000,67108864,-3,19.719596,54450498.892827,18.365305,48.194706
NVIDIA GeForce RTX 3090 Ti,[GPU] RTX_cast,16,12000000,12000000,67108864,-3,17.069137,62905455.717659,15.896872,48.182621
NVIDIA GeForce RTX 3090 Ti,[GPU] RTX_cast,16,12000000,12000000,67108864,-3,16.688105,64341744.843996,15.542009,48.287548
NVIDIA GeForce RTX 3090 Ti,[GPU] RTX_cast,16,12000000,12000000,67108864,-3,23.249455,46183526.469412,21.652742,48.124752
NVIDIA GeForce RTX 3090 Ti,[GPU] RTX_cast,16,12000000,12000000,67108864,-3,19.661793,54610575.226104,18.311472,48.301678
NVIDIA GeForce RTX 3090 Ti,[GPU] RTX_cast,16,12000000,12000000,67108864,-3,16.963998,63295328.202292,15.798954,48.169750
NVIDIA GeForce RTX 3090 Ti,[GPU] RTX_cast,16,12000000,12000000,67108864,-3,18.521223,57973592.992667,17.249233,50.644859
NVIDIA GeForce RTX 3090 Ti,[GPU] RTX_cast,16,12000000,12000000,67108864,-3,19.351666,55485756.271994,18.022643,48.269520
NVIDIA GeForce RTX 3090 Ti,[GPU] RTX_cast,16,12000000,12000000,67108864,-3,15.355581,69925183.565244,14.300999,48.254623
NVIDIA GeForce RTX 3090 Ti,[GPU] RTX_cast,16,12000000,12000000,67108864,-3,19.915523,53914818.125151,18.547777,50.545715
NVIDIA GeForce RTX 3090 Ti,[GPU] RTX_cast,16,12000000,12000000,67108864,-3,15.733684,68244783.086049,14.653135,48.195740
NVIDIA GeForce RTX 3090 Ti,[GPU] RTX_cast,16,12000000,12000000,67108864,-3,15.694744,68414101.840671,14.616870,48.204628
NVIDIA GeForce RTX 3090 Ti,[GPU] RTX_cast,16,12000000,12000000,67108864,-3,15.502289,69263437.139576,14.437632,48.129913
NVIDIA GeForce RTX 3090 Ti,[GPU] RTX_cast,16,12000000,12000000,67108864,-3,17.328852,61962664.988348,16.138751,49.074997
NVIDIA GeForce RTX 3090 Ti,[GPU] RTX_cast,16,12000000,12000000,67108864,-3,17.161656,62566328.584981,15.983038,48.238663
NVIDIA GeForce RTX 3090 Ti,[GPU] RTX_cast,16,13000000,13000000,67108864,-3,19.421486,55286284.780639,18.087669,52.144268
NVIDIA GeForce RTX 3090 Ti,[GPU] RTX_cast,16,13000000,13000000,67108864,-3,17.833301,60209931.810769,16.608556,51.996670
NVIDIA GeForce RTX 3090 Ti,[GPU] RTX_cast,16,13000000,13000000,67108864,-3,17.272348,62165366.594591,16.086127,52.031586
NVIDIA GeForce RTX 3090 Ti,[GPU] RTX_cast,16,13000000,13000000,67108864,-3,19.548076,54928260.692214,18.205565,52.128155
NVIDIA GeForce RTX 3090 Ti,[GPU] RTX_cast,16,13000000,13000000,67108864,-3,18.671070,57508316.664693,17.388789,52.054977
NVIDIA GeForce RTX 3090 Ti,[GPU] RTX_cast,16,13000000,13000000,67108864,-3,16.721732,64212355.329604,15.573327,51.964474
NVIDIA GeForce RTX 3090 Ti,[GPU] RTX_cast,16,13000000,13000000,67108864,-3,16.105024,66671232.305766,14.998973,51.977856
NVIDIA GeForce RTX 3090 Ti,[GPU] RTX_cast,16,13000000,13000000,67108864,-3,18.450527,58195725.466011,17.183393,51.933167
NVIDIA GeForce RTX 3090 Ti,[GPU] RTX_cast,16,13000000,13000000,67108864,-3,17.913699,59939703.736687,16.683432,51.967197
NVIDIA GeForce RTX 3090 Ti,[GPU] RTX_cast,16,13000000,13000000,67108864,-3,16.953037,63336251.615129,15.788746,54.586483
NVIDIA GeForce RTX 3090 Ti,[GPU] RTX_cast,16,13000000,13000000,67108864,-3,23.422369,45842579.696075,21.813781,52.323875
NVIDIA GeForce RTX 3090 Ti,[GPU] RTX_cast,16,13000000,13000000,67108864,-3,17.083279,62853378.753599,15.910044,52.204678
NVIDIA GeForce RTX 3090 Ti,[GPU] RTX_cast,16,13000000,13000000,67108864,-3,17.724496,60579540.220533,16.507223,52.077919
NVIDIA GeForce RTX 3090 Ti,[GPU] RTX_cast,16,13000000,13000000,67108864,-3,18.099062,59325825.522731,16.856065,52.117836
NVIDIA GeForce RTX 3090 Ti,[GPU] RTX_cast,16,13000000,13000000,67108864,-3,18.088426,59360711.483971,16.846159,52.184937
NVIDIA GeForce RTX 3090 Ti,[GPU] RTX_cast,16,13000000,13000000,67108864,-3,23.460340,45768383.201237,21.849144,53.727837
NVIDIA GeForce RTX 3090 Ti,[GPU] RTX_cast,16,14000000,14000000,67108864,-3,20.286518,52928839.060964,18.893292,56.514225
NVIDIA GeForce RTX 3090 Ti,[GPU] RTX_cast,16,14000000,14000000,67108864,-3,17.842152,60180061.424939,16.616799,56.221664
NVIDIA GeForce RTX 3090 Ti,[GPU] RTX_cast,16,14000000,14000000,67108864,-3,17.716871,60605612.487568,16.500122,56.224487
NVIDIA GeForce RTX 3090 Ti,[GPU] RTX_cast,16,14000000,14000000,67108864,-3,18.097410,59331242.135173,16.854527,56.133007
NVIDIA GeForce RTX 3090 Ti,[GPU] RTX_cast,16,14000000,14000000,67108864,-3,23.612689,45473084.551912,21.991031,56.186440
NVIDIA GeForce RTX 3090 Ti,[GPU] RTX_cast,16,14000000,14000000,67108864,-3,17.585187,61059446.991964,16.377482,56.105492
NVIDIA GeForce RTX 3090 Ti,[GPU] RTX_cast,16,14000000,14000000,67108864,-3,18.890500,56840307.244382,17.593149,56.222588
NVIDIA GeForce RTX 3090 Ti,[GPU] RTX_cast,16,14000000,14000000,67108864,-3,21.449928,50058062.539728,19.976802,56.385269
NVIDIA GeForce RTX 3090 Ti,[GPU] RTX_cast,16,14000000,14000000,67108864,-3,18.338633,58550811.010738,17.079183,57.387482
NVIDIA GeForce RTX 3090 Ti,[GPU] RTX_cast,16,14000000,14000000,67108864,-3,17.799164,60325407.430914,16.576763,56.201141
NVIDIA GeForce RTX 3090 Ti,[GPU] RTX_cast,16,14000000,14000000,67108864,-3,18.412934,58314543.879334,17.148381,56.241608
NVIDIA GeForce RTX 3090 Ti,[GPU] RTX_cast,16,14000000,14000000,67108864,-3,17.610973,60970046.627092,16.401496,56.293495
NVIDIA GeForce RTX 3090 Ti,[GPU] RTX_cast,16,14000000,14000000,67108864,-3,17.423963,61624432.440552,16.227330,56.167061
NVIDIA GeForce RTX 3090 Ti,[GPU] RTX_cast,16,14000000,14000000,67108864,-3,17.483787,61413572.316049,16.283046,56.212311
NVIDIA GeForce RTX 3090 Ti,[GPU] RTX_cast,16,14000000,14000000,67108864,-3,18.765201,57219840.819469,17.476455,56.195549
NVIDIA GeForce RTX 3090 Ti,[GPU] RTX_cast,16,14000000,14000000,67108864,-3,21.537609,49854271.442324,20.058462,58.199791
NVIDIA GeForce RTX 3090 Ti,[GPU] RTX_cast,16,15000000,15000000,67108864,-3,22.487396,47748605.524258,20.943020,61.288284
NVIDIA GeForce RTX 3090 Ti,[GPU] RTX_cast,16,15000000,15000000,67108864,-3,19.248023,55784523.927173,17.926119,60.277000
NVIDIA GeForce RTX 3090 Ti,[GPU] RTX_cast,16,15000000,15000000,67108864,-3,25.528303,42060838.715852,23.775085,60.162704
NVIDIA GeForce RTX 3090 Ti,[GPU] RTX_cast,16,15000000,15000000,67108864,-3,20.288705,52923132.347056,18.895329,65.552200
NVIDIA GeForce RTX 3090 Ti,[GPU] RTX_cast,16,15000000,15000000,67108864,-3,18.701355,57415187.139468,17.416995,62.129784
NVIDIA GeForce RTX 3090 Ti,[GPU] RTX_cast,16,15000000,15000000,67108864,-3,21.027607,51063433.060054,19.583485,60.184952
NVIDIA GeForce RTX 3090 Ti,[GPU] RTX_cast,16,15000000,15000000,67108864,-3,19.543920,54939941.848523,18.201694,60.428623
NVIDIA GeForce RTX 3090 Ti,[GPU] RTX_cast,16,15000000,15000000,67108864,-3,24.507846,43812166.805958,22.824710,60.165287
NVIDIA GeForce RTX 3090 Ti,[GPU] RTX_cast,16,15000000,15000000,67108864,-3,18.143383,59180905.517809,16.897342,60.648872
NVIDIA GeForce RTX 3090 Ti,[GPU] RTX_cast,16,15000000,15000000,67108864,-3,20.871416,51445566.663813,19.438021,60.249596
NVIDIA GeForce RTX 3090 Ti,[GPU] RTX_cast,16,15000000,15000000,67108864,-3,23.502170,45686922.848796,21.888101,61.121529
NVIDIA GeForce RTX 3090 Ti,[GPU] RTX_cast,16,15000000,15000000,67108864,-3,23.617535,45463754.659252,21.995544,60.226280
NVIDIA GeForce RTX 3090 Ti,[GPU] RTX_cast,16,15000000,15000000,67108864,-3,18.327031,58587875.436727,17.068378,60.096569
NVIDIA GeForce RTX 3090 Ti,[GPU] RTX_cast,16,15000000,15000000,67108864,-3,18.839850,56993120.765979,17.545977,60.220974
NVIDIA GeForce RTX 3090 Ti,[GPU] RTX_cast,16,15000000,15000000,67108864,-3,19.157463,56048226.747470,17.841778,60.135315
NVIDIA GeForce RTX 3090 Ti,[GPU] RTX_cast,16,15000000,15000000,67108864,-3,20.747211,51753550.259579,19.322346,60.197506
NVIDIA GeForce RTX 3090 Ti,[GPU] RTX_cast,16,16000000,16000000,67108864,-3,20.598020,52128401.100455,19.183401,65.980637
NVIDIA GeForce RTX 3090 Ti,[GPU] RTX_cast,16,16000000,16000000,67108864,-3,23.207094,46267828.085970,21.613290,64.509804
NVIDIA GeForce RTX 3090 Ti,[GPU] RTX_cast,16,16000000,16000000,67108864,-3,19.532820,54971161.707399,18.191357,64.413361
NVIDIA GeForce RTX 3090 Ti,[GPU] RTX_cast,16,16000000,16000000,67108864,-3,26.776854,40099626.469310,24.937888,64.300529
NVIDIA GeForce RTX 3090 Ti,[GPU] RTX_cast,16,16000000,16000000,67108864,-3,24.376551,44048144.203646,22.702432,64.106476
NVIDIA GeForce RTX 3090 Ti,[GPU] RTX_cast,16,16000000,16000000,67108864,-3,20.593078,52140909.556230,19.178799,66.903786
NVIDIA GeForce RTX 3090 Ti,[GPU] RTX_cast,16,16000000,16000000,67108864,-3,21.474000,50001947.657632,19.999221,64.268349
NVIDIA GeForce RTX 3090 Ti,[GPU] RTX_cast,16,16000000,16000000,67108864,-3,19.888502,53988069.414715,18.522611,64.155281
NVIDIA GeForce RTX 3090 Ti,[GPU] RTX_cast,16,16000000,16000000,67108864,-3,21.315846,50372940.344684,19.851928,64.239014
NVIDIA GeForce RTX 3090 Ti,[GPU] RTX_cast,16,16000000,16000000,67108864,-3,20.527906,52306446.206612,19.118103,64.119675
NVIDIA GeForce RTX 3090 Ti,[GPU] RTX_cast,16,16000000,16000000,67108864,-3,20.350902,52761386.491040,18.953255,64.173515
NVIDIA GeForce RTX 3090 Ti,[GPU] RTX_cast,16,16000000,16000000,67108864,-3,19.803322,54220287.363794,18.443281,64.081856
NVIDIA GeForce RTX 3090 Ti,[GPU] RTX_cast,16,16000000,16000000,67108864,-3,29.754033,36087269.805400,27.710603,64.316978
NVIDIA GeForce RTX 3090 Ti,[GPU] RTX_cast,16,16000000,16000000,67108864,-3,21.085541,50923133.686934,19.637440,64.116142
NVIDIA GeForce RTX 3090 Ti,[GPU] RTX_cast,16,16000000,16000000,67108864,-3,24.552010,43733357.645668,22.865841,64.151047
NVIDIA GeForce RTX 3090 Ti,[GPU] RTX_cast,16,16000000,16000000,67108864,-3,20.467744,52460193.787004,19.062072,64.230209
