dev,alg,reps,n,bs,q,lr,t,q/s,ns/q,construction,outbuffer,tempbffer
CPU AMAX-H100,[CPU] HRMQ,4,67108864,0,1,-1,0.000479,8354.253742,119699.500501,1708.277466,20.122648,0.000000
CPU AMAX-H100,[CPU] HRMQ,4,67108864,0,1,-1,0.000480,8328.353921,120071.746409,1722.466309,20.122648,0.000000
CPU AMAX-H100,[CPU] HRMQ,4,67108864,0,1,-1,0.000466,8591.489583,116394.251585,1712.400269,20.122648,0.000000
CPU AMAX-H100,[CPU] HRMQ,4,67108864,0,1,-1,0.000545,7341.092788,136219.501495,1949.971558,20.122648,0.000000
CPU AMAX-H100,[CPU] HRMQ,4,67108864,0,2,-1,0.000449,17830.198427,56084.625423,1691.201538,20.122648,0.000000
CPU AMAX-H100,[CPU] HRMQ,4,67108864,0,2,-1,0.000469,17068.560323,58587.249368,1712.939087,20.122648,0.000000
CPU AMAX-H100,[CPU] HRMQ,4,67108864,0,2,-1,0.000466,17178.552070,58212.123811,1708.317627,20.122648,0.000000
CPU AMAX-H100,[CPU] HRMQ,4,67108864,0,2,-1,0.000469,17042.779790,58675.874025,1719.366699,20.122648,0.000000
CPU AMAX-H100,[CPU] HRMQ,4,67108864,0,4,-1,0.000535,29890.452821,33455.498517,1749.078613,20.122648,0.000000
CPU AMAX-H100,[CPU] HRMQ,4,67108864,0,4,-1,0.000470,34009.412040,29403.625056,1710.041870,20.122648,0.000000
CPU AMAX-H100,[CPU] HRMQ,4,67108864,0,4,-1,0.000467,34293.037587,29160.438105,1691.696777,20.122648,0.000000
CPU AMAX-H100,[CPU] HRMQ,4,67108864,0,4,-1,0.001758,9100.128260,109888.561070,1725.788086,20.122648,0.000000
CPU AMAX-H100,[CPU] HRMQ,4,67108864,0,8,-1,0.000522,61325.235085,16306.500882,1712.198242,20.122648,0.000000
CPU AMAX-H100,[CPU] HRMQ,4,67108864,0,8,-1,0.000490,65365.218207,15298.656188,1710.607300,20.122648,0.000000
CPU AMAX-H100,[CPU] HRMQ,4,67108864,0,8,-1,0.000498,64301.184911,15551.812947,1780.014404,20.122648,0.000000
CPU AMAX-H100,[CPU] HRMQ,4,67108864,0,8,-1,0.000480,66712.947673,14989.593998,1727.299561,20.122648,0.000000
CPU AMAX-H100,[CPU] HRMQ,4,67108864,0,16,-1,0.000466,137225.093104,7287.296932,1673.831909,20.122648,0.000000
CPU AMAX-H100,[CPU] HRMQ,4,67108864,0,16,-1,0.000559,114541.795619,8730.437607,1686.090820,20.122648,0.000000
CPU AMAX-H100,[CPU] HRMQ,4,67108864,0,16,-1,0.036364,1759.973615,568190.336227,1687.427612,20.122648,0.000000
CPU AMAX-H100,[CPU] HRMQ,4,67108864,0,16,-1,0.000505,126793.688124,7886.827923,1711.005859,20.122648,0.000000
CPU AMAX-H100,[CPU] HRMQ,4,67108864,0,32,-1,0.000448,285589.344265,3501.531202,1717.508545,20.122648,0.000000
CPU AMAX-H100,[CPU] HRMQ,4,67108864,0,32,-1,0.003533,36225.178572,27605.108917,1699.554321,20.122648,0.000000
CPU AMAX-H100,[CPU] HRMQ,4,67108864,0,32,-1,0.000504,253974.797703,3937.398549,1712.042480,20.122648,0.000000
CPU AMAX-H100,[CPU] HRMQ,4,67108864,0,32,-1,0.000475,269214.664194,3714.507911,1721.393311,20.122648,0.000000
CPU AMAX-H100,[CPU] HRMQ,4,67108864,0,64,-1,0.000466,549359.747484,1820.300822,1700.458984,20.122648,0.000000
CPU AMAX-H100,[CPU] HRMQ,4,67108864,0,64,-1,0.000478,535243.470774,1868.308638,1695.579102,20.122648,0.000000
CPU AMAX-H100,[CPU] HRMQ,4,67108864,0,64,-1,0.000545,469959.335460,2127.843676,1677.972900,20.122648,0.000000
CPU AMAX-H100,[CPU] HRMQ,4,67108864,0,64,-1,0.000465,550517.518735,1816.472621,1689.492676,20.122648,0.000000
CPU AMAX-H100,[CPU] HRMQ,4,67108864,0,128,-1,0.001443,354815.866594,2818.363253,1701.915771,20.122648,0.000000
CPU AMAX-H100,[CPU] HRMQ,4,67108864,0,128,-1,0.001019,502663.057296,1989.404205,1733.810547,20.122648,0.000000
CPU AMAX-H100,[CPU] HRMQ,4,67108864,0,128,-1,0.035954,14240.270814,70223.383605,1709.262085,20.122648,0.000000
CPU AMAX-H100,[CPU] HRMQ,4,67108864,0,128,-1,0.000540,948134.086828,1054.703142,1724.837402,20.122648,0.000000
CPU AMAX-H100,[CPU] HRMQ,4,67108864,0,256,-1,0.000466,2197910.725892,454.977533,1697.160278,20.122648,0.000000
CPU AMAX-H100,[CPU] HRMQ,4,67108864,0,256,-1,0.000474,2161810.642695,462.575204,1719.034058,20.122648,0.000000
CPU AMAX-H100,[CPU] HRMQ,4,67108864,0,256,-1,0.000479,2139542.468685,467.389647,1729.175171,20.122648,0.000000
CPU AMAX-H100,[CPU] HRMQ,4,67108864,0,256,-1,0.004280,239272.744371,4179.331008,1674.223999,20.122648,0.000000
CPU AMAX-H100,[CPU] HRMQ,4,67108864,0,512,-1,0.000484,4235281.590190,236.111809,1728.851929,20.122648,0.000000
CPU AMAX-H100,[CPU] HRMQ,4,67108864,0,512,-1,0.000480,4268907.748648,234.251958,1678.836304,20.122648,0.000000
CPU AMAX-H100,[CPU] HRMQ,4,67108864,0,512,-1,0.007965,257136.538985,3888.984444,1708.227783,20.122648,0.000000
CPU AMAX-H100,[CPU] HRMQ,4,67108864,0,512,-1,0.000510,4019406.343200,248.792960,1695.077393,20.122648,0.000000
CPU AMAX-H100,[CPU] HRMQ,4,67108864,0,1024,-1,0.000615,6662990.301067,150.082764,1716.464600,20.122648,0.000000
CPU AMAX-H100,[CPU] HRMQ,4,67108864,0,1024,-1,0.000510,8033766.948373,124.474609,1723.838623,20.122648,0.000000
CPU AMAX-H100,[CPU] HRMQ,4,67108864,0,1024,-1,0.000526,7781775.777612,128.505373,1691.815918,20.122648,0.000000
CPU AMAX-H100,[CPU] HRMQ,4,67108864,0,1024,-1,0.000537,7628583.375712,131.085937,1676.447876,20.122648,0.000000
CPU AMAX-H100,[CPU] HRMQ,4,67108864,0,2048,-1,0.000678,12078498.664931,82.791747,1739.414917,20.122648,0.000000
CPU AMAX-H100,[CPU] HRMQ,4,67108864,0,2048,-1,0.001629,5029824.682047,198.814087,1718.363647,20.122648,0.000000
CPU AMAX-H100,[CPU] HRMQ,4,67108864,0,2048,-1,0.001607,5098255.810197,196.145513,1710.849609,20.122648,0.000000
CPU AMAX-H100,[CPU] HRMQ,4,67108864,0,2048,-1,0.001568,5224479.605406,191.406623,1668.805664,20.122648,0.000000
CPU AMAX-H100,[CPU] HRMQ,4,67108864,0,4096,-1,0.001068,15339444.544930,65.191409,1668.386230,20.122648,0.000000
CPU AMAX-H100,[CPU] HRMQ,4,67108864,0,4096,-1,0.001070,15308758.134594,65.322085,1716.307617,20.122648,0.000000
CPU AMAX-H100,[CPU] HRMQ,4,67108864,0,4096,-1,0.000748,21896103.832676,45.670226,1684.846436,20.122648,0.000000
CPU AMAX-H100,[CPU] HRMQ,4,67108864,0,4096,-1,0.000709,23100752.246159,43.288634,1680.046509,20.122648,0.000000
CPU AMAX-H100,[CPU] HRMQ,4,67108864,0,8192,-1,0.038609,848722.306716,1178.241684,2181.489990,20.122648,0.000000
CPU AMAX-H100,[CPU] HRMQ,4,67108864,0,8192,-1,0.001988,16486712.162054,60.654907,1734.531006,20.122648,0.000000
CPU AMAX-H100,[CPU] HRMQ,4,67108864,0,8192,-1,0.001263,25939256.018953,38.551607,1726.483887,20.122648,0.000000
CPU AMAX-H100,[CPU] HRMQ,4,67108864,0,8192,-1,0.001302,25161655.986429,39.743012,1722.498657,20.122648,0.000000
CPU AMAX-H100,[CPU] HRMQ,4,67108864,0,16384,-1,0.002507,26142477.869265,38.251921,1737.962524,20.122648,0.000000
CPU AMAX-H100,[CPU] HRMQ,4,67108864,0,16384,-1,0.001270,51595067.412431,19.381698,1706.978882,20.122648,0.000000
CPU AMAX-H100,[CPU] HRMQ,4,67108864,0,16384,-1,0.001771,36996370.247817,27.029679,1712.267212,20.122648,0.000000
CPU AMAX-H100,[CPU] HRMQ,4,67108864,0,16384,-1,0.001630,40216399.901653,24.865478,1680.648193,20.122648,0.000000
CPU AMAX-H100,[CPU] HRMQ,4,67108864,0,32768,-1,0.001981,66175954.300495,15.111229,1716.097656,20.122648,0.000000
CPU AMAX-H100,[CPU] HRMQ,4,67108864,0,32768,-1,0.002763,47437399.162660,21.080414,1696.918335,20.122648,0.000000
CPU AMAX-H100,[CPU] HRMQ,4,67108864,0,32768,-1,0.002136,61373868.560054,16.293579,1695.935547,20.122648,0.000000
CPU AMAX-H100,[CPU] HRMQ,4,67108864,0,32768,-1,0.003313,39562934.329534,25.276184,1689.537109,20.122648,0.000000
CPU AMAX-H100,[CPU] HRMQ,4,67108864,0,65536,-1,0.003254,80553140.940424,12.414165,1726.810059,20.122648,0.000000
CPU AMAX-H100,[CPU] HRMQ,4,67108864,0,65536,-1,0.004069,64418329.306532,15.523532,1722.307617,20.122648,0.000000
CPU AMAX-H100,[CPU] HRMQ,4,67108864,0,65536,-1,0.004260,61533350.542864,16.251350,1727.714233,20.122648,0.000000
CPU AMAX-H100,[CPU] HRMQ,4,67108864,0,65536,-1,0.003446,76082519.478753,13.143624,1675.074097,20.122648,0.000000
CPU AMAX-H100,[CPU] HRMQ,4,67108864,0,131072,-1,0.006380,82181622.662604,12.168171,1731.716553,20.122648,0.000000
CPU AMAX-H100,[CPU] HRMQ,4,67108864,0,131072,-1,0.004884,107339412.396980,9.316243,1730.329346,20.122648,0.000000
CPU AMAX-H100,[CPU] HRMQ,4,67108864,0,131072,-1,0.005405,96996229.914715,10.309679,1717.147461,20.122648,0.000000
CPU AMAX-H100,[CPU] HRMQ,4,67108864,0,131072,-1,0.004616,113569768.158576,8.805160,1724.853516,20.122648,0.000000
CPU AMAX-H100,[CPU] HRMQ,4,67108864,0,262144,-1,0.009587,109373245.485778,9.143004,1696.428223,19.991576,0.000000
CPU AMAX-H100,[CPU] HRMQ,4,67108864,0,262144,-1,0.008152,128625817.914796,7.774489,1715.966553,20.122648,0.000000
CPU AMAX-H100,[CPU] HRMQ,4,67108864,0,262144,-1,0.008448,124122137.575771,8.056581,1685.547363,20.122648,0.000000
CPU AMAX-H100,[CPU] HRMQ,4,67108864,0,262144,-1,0.009466,110768735.739218,9.027818,1702.076050,20.122648,0.000000
CPU AMAX-H100,[CPU] HRMQ,4,67108864,0,524288,-1,0.015605,134392288.686984,7.440903,1718.260864,20.122648,0.000000
CPU AMAX-H100,[CPU] HRMQ,4,67108864,0,524288,-1,0.015161,138321070.161756,7.229557,1724.823120,19.991576,0.000000
CPU AMAX-H100,[CPU] HRMQ,4,67108864,0,524288,-1,0.015945,131525847.310095,7.603068,1725.106689,20.122648,0.000000
CPU AMAX-H100,[CPU] HRMQ,4,67108864,0,524288,-1,0.015685,133700064.590736,7.479428,1776.133545,20.122648,0.000000
CPU AMAX-H100,[CPU] HRMQ,4,67108864,0,1048576,-1,0.028398,147697743.328082,6.770584,1725.734985,20.122648,0.000000
CPU AMAX-H100,[CPU] HRMQ,4,67108864,0,1048576,-1,0.029093,144170877.433563,6.936214,1728.480469,20.122648,0.000000
CPU AMAX-H100,[CPU] HRMQ,4,67108864,0,1048576,-1,0.030751,136393954.143088,7.331703,1710.105713,20.122648,0.000000
CPU AMAX-H100,[CPU] HRMQ,4,67108864,0,1048576,-1,0.029483,142260260.391876,7.029370,1706.790894,20.122648,0.000000
CPU AMAX-H100,[CPU] HRMQ,4,67108864,0,2097152,-1,0.056512,148439097.753099,6.736770,1721.634155,20.122648,0.000000
CPU AMAX-H100,[CPU] HRMQ,4,67108864,0,2097152,-1,0.058275,143949576.911334,6.946877,1720.204468,20.122648,0.000000
CPU AMAX-H100,[CPU] HRMQ,4,67108864,0,2097152,-1,0.055183,152015259.678721,6.578287,1704.090088,20.122648,0.000000
CPU AMAX-H100,[CPU] HRMQ,4,67108864,0,2097152,-1,0.055165,152064119.315479,6.576173,1729.540405,20.122648,0.000000
CPU AMAX-H100,[CPU] HRMQ,4,67108864,0,4194304,-1,0.109219,153610425.416885,6.509975,1731.878662,20.122648,0.000000
CPU AMAX-H100,[CPU] HRMQ,4,67108864,0,4194304,-1,0.108071,155242404.713446,6.441539,1693.861084,20.122648,0.000000
CPU AMAX-H100,[CPU] HRMQ,4,67108864,0,4194304,-1,0.109249,153568127.523747,6.511768,1686.656250,20.122648,0.000000
CPU AMAX-H100,[CPU] HRMQ,4,67108864,0,4194304,-1,0.110714,151537103.736353,6.599044,1702.348633,20.122648,0.000000
CPU AMAX-H100,[CPU] HRMQ,4,67108864,0,8388608,-1,0.212946,157572775.463678,6.346274,1709.166870,20.122648,0.000000
CPU AMAX-H100,[CPU] HRMQ,4,67108864,0,8388608,-1,0.221921,151200006.239908,6.613756,1675.629028,20.122648,0.000000
CPU AMAX-H100,[CPU] HRMQ,4,67108864,0,8388608,-1,0.212684,157766620.476858,6.338476,1673.705078,20.122648,0.000000
CPU AMAX-H100,[CPU] HRMQ,4,67108864,0,8388608,-1,0.216980,154643192.248428,6.466499,1700.066284,20.122648,0.000000
CPU AMAX-H100,[CPU] HRMQ,4,67108864,0,16777216,-1,0.427906,156830965.076631,6.376292,1701.649170,20.122648,0.000000
CPU AMAX-H100,[CPU] HRMQ,4,67108864,0,16777216,-1,0.435271,154177104.048393,6.486047,1704.371582,20.122648,0.000000
CPU AMAX-H100,[CPU] HRMQ,4,67108864,0,16777216,-1,0.431111,155665098.863069,6.424048,1734.060425,20.122648,0.000000
CPU AMAX-H100,[CPU] HRMQ,4,67108864,0,16777216,-1,0.428961,156445007.675044,6.392022,1738.893799,20.122648,0.000000
CPU AMAX-H100,[CPU] HRMQ,4,67108864,0,33554432,-1,0.846769,158505652.447272,6.308923,1703.647949,20.122648,0.000000
CPU AMAX-H100,[CPU] HRMQ,4,67108864,0,33554432,-1,0.862732,155572944.230484,6.427853,1700.739380,20.122648,0.000000
CPU AMAX-H100,[CPU] HRMQ,4,67108864,0,33554432,-1,0.849598,157977942.198645,6.329998,1692.811035,20.122648,0.000000
CPU AMAX-H100,[CPU] HRMQ,4,67108864,0,33554432,-1,0.859463,156164679.740237,6.403497,1713.229248,20.122648,0.000000
CPU AMAX-H100,[CPU] HRMQ,4,67108864,0,67108864,-1,1.673561,160397792.205144,6.234500,1698.182373,20.122648,0.000000
CPU AMAX-H100,[CPU] HRMQ,4,67108864,0,67108864,-1,1.681363,159653489.201505,6.263565,1689.214233,19.991576,0.000000
CPU AMAX-H100,[CPU] HRMQ,4,67108864,0,67108864,-1,1.696520,158227096.406052,6.320030,1706.402954,20.122648,0.000000
CPU AMAX-H100,[CPU] HRMQ,4,67108864,0,67108864,-1,1.713808,156630965.219176,6.384434,1718.494141,20.122648,0.000000
CPU AMAX-H100,[CPU] HRMQ,4,67108864,0,1,-2,0.000496,8058.862031,124086.998403,1734.467163,20.122648,0.000000
CPU AMAX-H100,[CPU] HRMQ,4,67108864,0,1,-2,0.000477,8394.067816,119131.751359,1712.591187,20.122648,0.000000
CPU AMAX-H100,[CPU] HRMQ,4,67108864,0,1,-2,0.000478,8373.684002,119421.750307,1739.320435,20.122648,0.000000
CPU AMAX-H100,[CPU] HRMQ,4,67108864,0,1,-2,0.000465,8602.760827,116241.753101,1713.541382,20.122648,0.000000
CPU AMAX-H100,[CPU] HRMQ,4,67108864,0,2,-2,0.000534,14968.435828,66807.247698,1729.958374,20.122648,0.000000
CPU AMAX-H100,[CPU] HRMQ,4,67108864,0,2,-2,0.000490,16341.637815,61193.376780,1709.186523,20.122648,0.000000
CPU AMAX-H100,[CPU] HRMQ,4,67108864,0,2,-2,0.037854,211.336574,4731788.635254,1764.235962,20.122648,0.000000
CPU AMAX-H100,[CPU] HRMQ,4,67108864,0,2,-2,0.000454,17629.805515,56722.123176,1721.459717,20.122648,0.000000
CPU AMAX-H100,[CPU] HRMQ,4,67108864,0,4,-2,0.004204,3805.941884,262747.049332,1707.310547,20.122648,0.000000
CPU AMAX-H100,[CPU] HRMQ,4,67108864,0,4,-2,0.001493,10719.169069,93290.813267,1728.692383,20.122648,0.000000
CPU AMAX-H100,[CPU] HRMQ,4,67108864,0,4,-2,0.000497,32188.107202,31067.375094,1678.466187,20.122648,0.000000
CPU AMAX-H100,[CPU] HRMQ,4,67108864,0,4,-2,0.000497,32190.114359,31065.437943,1702.884033,20.122648,0.000000
CPU AMAX-H100,[CPU] HRMQ,4,67108864,0,8,-2,0.000470,68144.987236,14674.593695,1705.455688,20.122648,0.000000
CPU AMAX-H100,[CPU] HRMQ,4,67108864,0,8,-2,0.000530,60384.424316,16560.561955,1711.360107,20.122648,0.000000
CPU AMAX-H100,[CPU] HRMQ,4,67108864,0,8,-2,0.000489,65422.548739,15285.249799,1738.730713,20.122648,0.000000
CPU AMAX-H100,[CPU] HRMQ,4,67108864,0,8,-2,0.007585,4218.594933,237045.750022,1738.915771,19.991576,0.000000
CPU AMAX-H100,[CPU] HRMQ,4,67108864,0,16,-2,0.000442,144699.146319,6910.890806,1673.548462,20.122648,0.000000
CPU AMAX-H100,[CPU] HRMQ,4,67108864,0,16,-2,0.001420,45085.915787,22179.875523,1707.713257,20.122648,0.000000
CPU AMAX-H100,[CPU] HRMQ,4,67108864,0,16,-2,0.000523,122399.491042,8169.968612,1688.136475,20.122648,0.000000
CPU AMAX-H100,[CPU] HRMQ,4,67108864,0,16,-2,0.000470,136188.468773,7342.765573,1716.727905,20.122648,0.000000
CPU AMAX-H100,[CPU] HRMQ,4,67108864,0,32,-2,0.000480,266612.790981,3750.757780,1696.669800,20.122648,0.000000
CPU AMAX-H100,[CPU] HRMQ,4,67108864,0,32,-2,0.000453,282649.939103,3537.945217,1703.049927,20.122648,0.000000
CPU AMAX-H100,[CPU] HRMQ,4,67108864,0,32,-2,0.000494,259000.785813,3860.992147,1720.518921,20.122648,0.000000
CPU AMAX-H100,[CPU] HRMQ,4,67108864,0,32,-2,0.000480,266773.937895,3748.492105,1693.043701,20.122648,0.000000
CPU AMAX-H100,[CPU] HRMQ,4,67108864,0,64,-2,0.000460,556670.570865,1796.394587,1734.442627,20.122648,0.000000
CPU AMAX-H100,[CPU] HRMQ,4,67108864,0,64,-2,0.000471,542974.522544,1841.707039,1728.302124,20.122648,0.000000
CPU AMAX-H100,[CPU] HRMQ,4,67108864,0,64,-2,0.005487,46658.521508,21432.312205,1717.778320,20.122648,0.000000
CPU AMAX-H100,[CPU] HRMQ,4,67108864,0,64,-2,0.009369,27323.482571,36598.555744,1724.910889,20.122648,0.000000
CPU AMAX-H100,[CPU] HRMQ,4,67108864,0,128,-2,0.000510,1004063.342268,995.953102,1713.789673,20.122648,0.000000
CPU AMAX-H100,[CPU] HRMQ,4,67108864,0,128,-2,0.000492,1041270.518746,960.365229,1686.345337,20.122648,0.000000
CPU AMAX-H100,[CPU] HRMQ,4,67108864,0,128,-2,0.000481,1065297.345108,938.705052,1784.290039,20.122648,0.000000
CPU AMAX-H100,[CPU] HRMQ,4,67108864,0,128,-2,0.001344,381056.993252,2624.279354,1741.848755,20.122648,0.000000
CPU AMAX-H100,[CPU] HRMQ,4,67108864,0,256,-2,0.000587,1745120.399394,573.026366,1763.309692,20.122648,0.000000
CPU AMAX-H100,[CPU] HRMQ,4,67108864,0,256,-2,0.000490,2089936.717986,478.483387,1678.603638,20.122648,0.000000
CPU AMAX-H100,[CPU] HRMQ,4,67108864,0,256,-2,0.000470,2178273.820740,459.079107,1689.380615,20.122648,0.000000
CPU AMAX-H100,[CPU] HRMQ,4,67108864,0,256,-2,0.000498,2056026.697435,486.375007,1703.004028,20.122648,0.000000
CPU AMAX-H100,[CPU] HRMQ,4,67108864,0,512,-2,0.000642,3189335.801653,313.544908,1733.968018,20.122648,0.000000
CPU AMAX-H100,[CPU] HRMQ,4,67108864,0,512,-2,0.001580,1296240.247208,771.461928,1707.456177,20.122648,0.000000
CPU AMAX-H100,[CPU] HRMQ,4,67108864,0,512,-2,0.000821,2493173.533528,401.095225,1714.851685,20.122648,0.000000
CPU AMAX-H100,[CPU] HRMQ,4,67108864,0,512,-2,0.000513,3994795.839847,250.325684,1725.699951,20.122648,0.000000
CPU AMAX-H100,[CPU] HRMQ,4,67108864,0,1024,-2,0.000646,6336339.435641,157.819828,1675.498291,20.122648,0.000000
CPU AMAX-H100,[CPU] HRMQ,4,67108864,0,1024,-2,0.000866,4731360.160460,211.355713,1693.866943,20.122648,0.000000
CPU AMAX-H100,[CPU] HRMQ,4,67108864,0,1024,-2,0.000653,6270571.636123,159.475094,1709.783569,20.122648,0.000000
CPU AMAX-H100,[CPU] HRMQ,4,67108864,0,1024,-2,0.001571,2606538.194913,383.650622,1710.290283,20.122648,0.000000
CPU AMAX-H100,[CPU] HRMQ,4,67108864,0,2048,-2,0.000778,10522908.745229,95.030759,1683.950562,20.122648,0.000000
CPU AMAX-H100,[CPU] HRMQ,4,67108864,0,2048,-2,0.000815,10052618.917485,99.476565,1720.062134,20.122648,0.000000
CPU AMAX-H100,[CPU] HRMQ,4,67108864,0,2048,-2,0.000847,9672319.767187,103.387814,1677.677490,20.122648,0.000000
CPU AMAX-H100,[CPU] HRMQ,4,67108864,0,2048,-2,0.000789,10377343.865391,96.363772,1727.114746,20.122648,0.000000
CPU AMAX-H100,[CPU] HRMQ,4,67108864,0,4096,-2,0.001069,15325241.075215,65.251828,1727.710205,20.122648,0.000000
CPU AMAX-H100,[CPU] HRMQ,4,67108864,0,4096,-2,0.001071,15297908.951371,65.368411,1680.877441,20.122648,0.000000
CPU AMAX-H100,[CPU] HRMQ,4,67108864,0,4096,-2,0.001432,11442203.442827,87.395754,1699.269287,20.122648,0.000000
CPU AMAX-H100,[CPU] HRMQ,4,67108864,0,4096,-2,0.005262,3113563.411473,321.175408,1694.355103,20.122648,0.000000
CPU AMAX-H100,[CPU] HRMQ,4,67108864,0,8192,-2,0.001314,24937024.818643,40.101015,1704.274292,20.122648,0.000000
CPU AMAX-H100,[CPU] HRMQ,4,67108864,0,8192,-2,0.002203,14872283.774511,67.239169,1700.159058,20.122648,0.000000
CPU AMAX-H100,[CPU] HRMQ,4,67108864,0,8192,-2,0.001440,22748731.686813,43.958495,1694.990234,20.122648,0.000000
CPU AMAX-H100,[CPU] HRMQ,4,67108864,0,8192,-2,0.001746,18764072.953261,53.293334,1712.614624,20.122648,0.000000
CPU AMAX-H100,[CPU] HRMQ,4,67108864,0,16384,-2,0.002663,24610956.878568,40.632309,1754.098022,20.122648,0.000000
CPU AMAX-H100,[CPU] HRMQ,4,67108864,0,16384,-2,0.001653,39650683.436979,25.220246,1713.537842,20.122648,0.000000
CPU AMAX-H100,[CPU] HRMQ,4,67108864,0,16384,-2,0.001648,39778937.370417,25.138932,1712.425049,20.122648,0.000000
CPU AMAX-H100,[CPU] HRMQ,4,67108864,0,16384,-2,0.001893,34614895.580479,28.889297,1749.155640,20.122648,0.000000
CPU AMAX-H100,[CPU] HRMQ,4,67108864,0,32768,-2,0.002067,63404960.157425,15.771637,1750.323853,20.122648,0.000000
CPU AMAX-H100,[CPU] HRMQ,4,67108864,0,32768,-2,0.002102,62359055.719538,16.036163,1689.225952,20.122648,0.000000
CPU AMAX-H100,[CPU] HRMQ,4,67108864,0,32768,-2,0.002194,59728234.668041,16.742501,1739.146362,20.122648,0.000000
CPU AMAX-H100,[CPU] HRMQ,4,67108864,0,32768,-2,0.002444,53630423.116199,18.646133,1694.075684,20.122648,0.000000
CPU AMAX-H100,[CPU] HRMQ,4,67108864,0,65536,-2,0.004114,63727694.399638,15.691765,1709.953857,20.122648,0.000000
CPU AMAX-H100,[CPU] HRMQ,4,67108864,0,65536,-2,0.004302,60934898.705933,16.410957,1689.197632,20.122648,0.000000
CPU AMAX-H100,[CPU] HRMQ,4,67108864,0,65536,-2,0.003712,70626284.903099,14.159034,1712.796387,20.122648,0.000000
CPU AMAX-H100,[CPU] HRMQ,4,67108864,0,65536,-2,0.004132,63436844.847754,15.763710,1746.857666,20.122648,0.000000
CPU AMAX-H100,[CPU] HRMQ,4,67108864,0,131072,-2,0.039891,13142979.905738,76.086246,1695.286499,20.122648,0.000000
CPU AMAX-H100,[CPU] HRMQ,4,67108864,0,131072,-2,0.009017,58146741.880061,17.197868,1704.768188,20.122648,0.000000
CPU AMAX-H100,[CPU] HRMQ,4,67108864,0,131072,-2,0.005127,102266452.472971,9.778378,1690.230835,20.122648,0.000000
CPU AMAX-H100,[CPU] HRMQ,4,67108864,0,131072,-2,0.004891,107194150.661418,9.328867,1742.628296,20.122648,0.000000
CPU AMAX-H100,[CPU] HRMQ,4,67108864,0,262144,-2,0.007898,132766966.886614,7.531994,1714.496582,20.122648,0.000000
CPU AMAX-H100,[CPU] HRMQ,4,67108864,0,262144,-2,0.007811,134251635.059685,7.448699,1695.469238,20.122648,0.000000
CPU AMAX-H100,[CPU] HRMQ,4,67108864,0,262144,-2,0.006576,159451860.879396,6.271485,1693.889893,20.122648,0.000000
CPU AMAX-H100,[CPU] HRMQ,4,67108864,0,262144,-2,0.006468,162108300.878376,6.168716,1722.071411,20.122648,0.000000
CPU AMAX-H100,[CPU] HRMQ,4,67108864,0,524288,-2,0.014618,143465452.954724,6.970319,1693.028442,20.122648,0.000000
CPU AMAX-H100,[CPU] HRMQ,4,67108864,0,524288,-2,0.010837,193520762.433115,5.167404,1742.840454,20.122648,0.000000
CPU AMAX-H100,[CPU] HRMQ,4,67108864,0,524288,-2,0.011213,187035001.418865,5.346593,1670.893799,20.122648,0.000000
CPU AMAX-H100,[CPU] HRMQ,4,67108864,0,524288,-2,0.010685,196270284.221357,5.095015,1698.236450,20.122648,0.000000
CPU AMAX-H100,[CPU] HRMQ,4,67108864,0,1048576,-2,0.020057,209117746.933876,4.781995,1729.445557,20.122648,0.000000
CPU AMAX-H100,[CPU] HRMQ,4,67108864,0,1048576,-2,0.023467,178731766.894952,5.594976,1683.261475,20.122648,0.000000
CPU AMAX-H100,[CPU] HRMQ,4,67108864,0,1048576,-2,0.020705,202573369.018541,4.936483,1701.188721,20.122648,0.000000
CPU AMAX-H100,[CPU] HRMQ,4,67108864,0,1048576,-2,0.019950,210238502.547119,4.756503,1703.122803,20.122648,0.000000
CPU AMAX-H100,[CPU] HRMQ,4,67108864,0,2097152,-2,0.038672,216915207.918475,4.610096,1717.518921,20.122648,0.000000
CPU AMAX-H100,[CPU] HRMQ,4,67108864,0,2097152,-2,0.041118,204012713.740440,4.901655,1723.495728,20.122648,0.000000
CPU AMAX-H100,[CPU] HRMQ,4,67108864,0,2097152,-2,0.079294,105790649.280814,9.452631,1711.223267,20.122648,0.000000
CPU AMAX-H100,[CPU] HRMQ,4,67108864,0,2097152,-2,0.050971,164577371.094173,6.076169,1689.539795,20.122648,0.000000
CPU AMAX-H100,[CPU] HRMQ,4,67108864,0,4194304,-2,0.074688,224631790.665407,4.451730,1671.211670,20.122648,0.000000
CPU AMAX-H100,[CPU] HRMQ,4,67108864,0,4194304,-2,0.074506,225178713.162012,4.440917,1720.921753,20.122648,0.000000
CPU AMAX-H100,[CPU] HRMQ,4,67108864,0,4194304,-2,0.077854,215494662.379293,4.640486,1681.129883,20.122648,0.000000
CPU AMAX-H100,[CPU] HRMQ,4,67108864,0,4194304,-2,0.075836,221230616.298518,4.520170,1703.060425,20.122648,0.000000
CPU AMAX-H100,[CPU] HRMQ,4,67108864,0,8388608,-2,0.147761,227086033.257064,4.403617,1684.156494,20.122648,0.000000
CPU AMAX-H100,[CPU] HRMQ,4,67108864,0,8388608,-2,0.146848,228497392.055815,4.376418,1677.329102,20.122648,0.000000
CPU AMAX-H100,[CPU] HRMQ,4,67108864,0,8388608,-2,0.144766,231783403.761998,4.314373,1692.870728,20.122648,0.000000
CPU AMAX-H100,[CPU] HRMQ,4,67108864,0,8388608,-2,0.144675,231929762.364895,4.311650,1725.064941,20.122648,0.000000
CPU AMAX-H100,[CPU] HRMQ,4,67108864,0,16777216,-2,0.300537,223296476.659723,4.478351,1722.497437,20.122648,0.000000
CPU AMAX-H100,[CPU] HRMQ,4,67108864,0,16777216,-2,0.283904,236378574.024731,4.230502,1690.073242,20.122648,0.000000
CPU AMAX-H100,[CPU] HRMQ,4,67108864,0,16777216,-2,0.288729,232428403.565852,4.302400,1728.822632,20.122648,0.000000
CPU AMAX-H100,[CPU] HRMQ,4,67108864,0,16777216,-2,0.282945,237179935.108083,4.216208,1680.058594,20.122648,0.000000
CPU AMAX-H100,[CPU] HRMQ,4,67108864,0,33554432,-2,0.556504,241179970.182618,4.146281,1678.558472,20.122648,0.000000
CPU AMAX-H100,[CPU] HRMQ,4,67108864,0,33554432,-2,0.563840,238042342.246061,4.200933,1722.790649,20.122648,0.000000
CPU AMAX-H100,[CPU] HRMQ,4,67108864,0,33554432,-2,0.575603,233177567.510978,4.288577,1700.836426,20.122648,0.000000
CPU AMAX-H100,[CPU] HRMQ,4,67108864,0,33554432,-2,0.563603,238142337.821747,4.199169,1729.101562,20.122648,0.000000
CPU AMAX-H100,[CPU] HRMQ,4,67108864,0,67108864,-2,1.112303,241333010.632258,4.143652,1694.529907,20.122648,0.000000
CPU AMAX-H100,[CPU] HRMQ,4,67108864,0,67108864,-2,1.134123,236689938.120282,4.224937,1714.445435,20.122648,0.000000
CPU AMAX-H100,[CPU] HRMQ,4,67108864,0,67108864,-2,1.105063,242914194.484172,4.116680,1702.059814,20.122648,0.000000
CPU AMAX-H100,[CPU] HRMQ,4,67108864,0,67108864,-2,1.131396,237260416.237331,4.214778,1709.714355,20.122648,0.000000
CPU AMAX-H100,[CPU] HRMQ,4,67108864,0,1,-3,0.034847,114.786997,8711788.177490,1692.627686,20.122648,0.000000
CPU AMAX-H100,[CPU] HRMQ,4,67108864,0,1,-3,0.000483,8286.943774,120671.749115,1723.838501,20.122648,0.000000
CPU AMAX-H100,[CPU] HRMQ,4,67108864,0,1,-3,0.000531,7531.424562,132777.005434,1750.255371,20.122648,0.000000
CPU AMAX-H100,[CPU] HRMQ,4,67108864,0,1,-3,0.000457,8748.772547,114301.748574,1713.895386,20.122648,0.000000
CPU AMAX-H100,[CPU] HRMQ,4,67108864,0,2,-3,0.000458,17485.689131,57189.624757,1700.297729,20.122648,0.000000
CPU AMAX-H100,[CPU] HRMQ,4,67108864,0,2,-3,0.000563,14219.491988,70326.000452,1724.780273,20.122648,0.000000
CPU AMAX-H100,[CPU] HRMQ,4,67108864,0,2,-3,0.000495,16175.439117,61822.123826,1701.012817,20.122648,0.000000
CPU AMAX-H100,[CPU] HRMQ,4,67108864,0,2,-3,0.000543,14738.990484,67847.251892,1706.184692,20.122648,0.000000
CPU AMAX-H100,[CPU] HRMQ,4,67108864,0,4,-3,0.000479,33369.622687,29967.375100,1687.369385,20.122648,0.000000
CPU AMAX-H100,[CPU] HRMQ,4,67108864,0,4,-3,0.000490,32680.605709,30599.188060,1705.204102,19.991576,0.000000
CPU AMAX-H100,[CPU] HRMQ,4,67108864,0,4,-3,0.000455,35174.344674,28429.811820,1737.186035,20.122648,0.000000
CPU AMAX-H100,[CPU] HRMQ,4,67108864,0,4,-3,0.000490,32671.930486,30607.312918,1694.853027,20.122648,0.000000
CPU AMAX-H100,[CPU] HRMQ,4,67108864,0,8,-3,0.000455,70351.782163,14214.280993,1700.679565,20.122648,0.000000
CPU AMAX-H100,[CPU] HRMQ,4,67108864,0,8,-3,0.034189,935.967002,1068413.734436,1749.526367,20.122648,0.000000
CPU AMAX-H100,[CPU] HRMQ,4,67108864,0,8,-3,0.000471,67946.753639,14717.406593,1763.449951,20.122648,0.000000
CPU AMAX-H100,[CPU] HRMQ,4,67108864,0,8,-3,0.000478,66898.443309,14948.030934,1704.327759,20.122648,0.000000
CPU AMAX-H100,[CPU] HRMQ,4,67108864,0,16,-3,0.000521,122810.518997,8142.624982,1699.000366,20.122648,0.000000
CPU AMAX-H100,[CPU] HRMQ,4,67108864,0,16,-3,0.000473,135401.876650,7385.422010,1697.953369,20.122648,0.000000
CPU AMAX-H100,[CPU] HRMQ,4,67108864,0,16,-3,0.000454,140904.916835,7096.984424,1735.609497,20.122648,0.000000
CPU AMAX-H100,[CPU] HRMQ,4,67108864,0,16,-3,0.000457,139919.153674,7146.984339,1800.062744,20.122648,0.000000
CPU AMAX-H100,[CPU] HRMQ,4,67108864,0,32,-3,0.000457,280254.945591,3568.179673,1683.072876,20.122648,0.000000
CPU AMAX-H100,[CPU] HRMQ,4,67108864,0,32,-3,0.000529,242168.307297,4129.359499,1706.722778,20.122648,0.000000
CPU AMAX-H100,[CPU] HRMQ,4,67108864,0,32,-3,0.000506,252766.105943,3956.226632,1697.464355,20.122648,0.000000
CPU AMAX-H100,[CPU] HRMQ,4,67108864,0,32,-3,0.000476,268971.415166,3717.867192,1738.670410,20.122648,0.000000
CPU AMAX-H100,[CPU] HRMQ,4,67108864,0,64,-3,0.004023,63638.045024,15713.870525,1735.777466,20.122648,0.000000
CPU AMAX-H100,[CPU] HRMQ,4,67108864,0,64,-3,0.000528,484630.035579,2063.429682,1703.685303,20.122648,0.000000
CPU AMAX-H100,[CPU] HRMQ,4,67108864,0,64,-3,0.000495,516829.243011,1934.875036,1731.612915,20.122648,0.000000
CPU AMAX-H100,[CPU] HRMQ,4,67108864,0,64,-3,0.000453,565487.178616,1768.386690,1685.687622,20.122648,0.000000
CPU AMAX-H100,[CPU] HRMQ,4,67108864,0,128,-3,0.000480,1065849.541225,938.218727,1707.506104,20.122648,0.000000
CPU AMAX-H100,[CPU] HRMQ,4,67108864,0,128,-3,0.000483,1060487.126804,942.962884,1756.144287,20.122648,0.000000
CPU AMAX-H100,[CPU] HRMQ,4,67108864,0,128,-3,0.000523,979889.255929,1020.523487,1703.601196,20.122648,0.000000
CPU AMAX-H100,[CPU] HRMQ,4,67108864,0,128,-3,0.000485,1056371.446148,946.636719,1729.116577,20.122648,0.000000
CPU AMAX-H100,[CPU] HRMQ,4,67108864,0,256,-3,0.000497,2060743.601120,485.261728,1678.555054,20.122648,0.000000
CPU AMAX-H100,[CPU] HRMQ,4,67108864,0,256,-3,0.001427,717342.551464,1394.034130,1716.095947,20.122648,0.000000
CPU AMAX-H100,[CPU] HRMQ,4,67108864,0,256,-3,0.000528,1938633.891844,515.827152,1723.164551,20.122648,0.000000
CPU AMAX-H100,[CPU] HRMQ,4,67108864,0,256,-3,0.000529,1937493.063824,516.130880,1710.715210,20.122648,0.000000
CPU AMAX-H100,[CPU] HRMQ,4,67108864,0,512,-3,0.001646,1244443.905648,803.571776,1703.975220,20.122648,0.000000
CPU AMAX-H100,[CPU] HRMQ,4,67108864,0,512,-3,0.000616,3322523.288832,300.976069,1679.990967,20.122648,0.000000
CPU AMAX-H100,[CPU] HRMQ,4,67108864,0,512,-3,0.000635,3226065.679479,309.975090,1702.406616,20.122648,0.000000
CPU AMAX-H100,[CPU] HRMQ,4,67108864,0,512,-3,0.000729,2808283.909530,356.089353,1685.609619,20.122648,0.000000
CPU AMAX-H100,[CPU] HRMQ,4,67108864,0,1024,-3,0.000670,6115805.939870,163.510747,1742.294434,20.122648,0.000000
CPU AMAX-H100,[CPU] HRMQ,4,67108864,0,1024,-3,0.000698,5868194.726150,170.410160,1707.602417,20.122648,0.000000
CPU AMAX-H100,[CPU] HRMQ,4,67108864,0,1024,-3,0.004533,903648.040400,1106.625539,1733.427124,20.122648,0.000000
CPU AMAX-H100,[CPU] HRMQ,4,67108864,0,1024,-3,0.000814,5032237.595480,198.718757,1718.409424,20.122648,0.000000
CPU AMAX-H100,[CPU] HRMQ,4,67108864,0,2048,-3,0.001411,5806877.495669,172.209591,1710.866455,20.122648,0.000000
CPU AMAX-H100,[CPU] HRMQ,4,67108864,0,2048,-3,0.001065,7688726.468452,130.060551,1689.918457,20.122648,0.000000
CPU AMAX-H100,[CPU] HRMQ,4,67108864,0,2048,-3,0.000949,8633663.558319,115.825685,1778.844116,20.122648,0.000000
CPU AMAX-H100,[CPU] HRMQ,4,67108864,0,2048,-3,0.000972,8429770.015428,118.627198,1733.296387,20.122648,0.000000
CPU AMAX-H100,[CPU] HRMQ,4,67108864,0,4096,-3,0.002002,8182099.869528,122.218014,1705.002075,20.122648,0.000000
CPU AMAX-H100,[CPU] HRMQ,4,67108864,0,4096,-3,0.002014,8135983.333894,122.910773,1669.124634,20.122648,0.000000
CPU AMAX-H100,[CPU] HRMQ,4,67108864,0,4096,-3,0.001367,11985623.549488,83.433290,1748.782837,20.122648,0.000000
CPU AMAX-H100,[CPU] HRMQ,4,67108864,0,4096,-3,0.001437,11402546.599636,87.699707,1710.699219,20.122648,0.000000
CPU AMAX-H100,[CPU] HRMQ,4,67108864,0,8192,-3,0.002410,13594728.547683,73.557923,1695.156372,20.122648,0.000000
CPU AMAX-H100,[CPU] HRMQ,4,67108864,0,8192,-3,0.002661,12314079.279657,81.207858,1669.424194,20.122648,0.000000
CPU AMAX-H100,[CPU] HRMQ,4,67108864,0,8192,-3,0.002463,13301907.544457,75.177188,1693.950439,20.122648,0.000000
CPU AMAX-H100,[CPU] HRMQ,4,67108864,0,8192,-3,0.002474,13247158.689524,75.487886,1681.087402,20.122648,0.000000
CPU AMAX-H100,[CPU] HRMQ,4,67108864,0,16384,-3,0.003893,16834110.237438,59.403199,1729.224731,20.122648,0.000000
CPU AMAX-H100,[CPU] HRMQ,4,67108864,0,16384,-3,0.004742,13819950.681787,72.359158,1689.937256,20.122648,0.000000
CPU AMAX-H100,[CPU] HRMQ,4,67108864,0,16384,-3,0.004268,15355259.375254,65.124266,1704.107666,20.122648,0.000000
CPU AMAX-H100,[CPU] HRMQ,4,67108864,0,16384,-3,0.004054,16167158.382895,61.853789,1688.891846,20.122648,0.000000
CPU AMAX-H100,[CPU] HRMQ,4,67108864,0,32768,-3,0.006333,20697537.235144,48.314927,1737.690063,20.122648,0.000000
CPU AMAX-H100,[CPU] HRMQ,4,67108864,0,32768,-3,0.006403,20470069.514765,48.851813,1733.208984,20.122648,0.000000
CPU AMAX-H100,[CPU] HRMQ,4,67108864,0,32768,-3,0.007675,17078733.195698,58.552352,1707.483643,20.122648,0.000000
CPU AMAX-H100,[CPU] HRMQ,4,67108864,0,32768,-3,0.006394,20498557.449569,48.783921,1714.322998,19.991576,0.000000
CPU AMAX-H100,[CPU] HRMQ,4,67108864,0,65536,-3,0.009981,26263963.532866,38.074984,1714.900513,20.122648,0.000000
CPU AMAX-H100,[CPU] HRMQ,4,67108864,0,65536,-3,0.009721,26965924.549773,37.083839,1719.531738,20.122648,0.000000
CPU AMAX-H100,[CPU] HRMQ,4,67108864,0,65536,-3,0.009938,26377630.100821,37.910911,1683.450195,20.122648,0.000000
CPU AMAX-H100,[CPU] HRMQ,4,67108864,0,65536,-3,0.010265,25537791.345514,39.157654,1705.911987,20.122648,0.000000
CPU AMAX-H100,[CPU] HRMQ,4,67108864,0,131072,-3,0.013177,39789123.414387,25.132496,1720.267822,19.991576,0.000000
CPU AMAX-H100,[CPU] HRMQ,4,67108864,0,131072,-3,0.013585,38592861.507954,25.911528,1691.102295,20.122648,0.000000
CPU AMAX-H100,[CPU] HRMQ,4,67108864,0,131072,-3,0.030271,17319552.457038,57.738212,1705.411011,20.122648,0.000000
CPU AMAX-H100,[CPU] HRMQ,4,67108864,0,131072,-3,0.013630,38465475.957075,25.997339,1717.135986,20.122648,0.000000
CPU AMAX-H100,[CPU] HRMQ,4,67108864,0,262144,-3,0.015984,65600129.097302,15.243872,1703.147217,20.122648,0.000000
CPU AMAX-H100,[CPU] HRMQ,4,67108864,0,262144,-3,0.015945,65763879.472562,15.205916,1676.176880,20.122648,0.000000
CPU AMAX-H100,[CPU] HRMQ,4,67108864,0,262144,-3,0.016372,64047947.538441,15.613303,1691.916626,20.122648,0.000000
CPU AMAX-H100,[CPU] HRMQ,4,67108864,0,262144,-3,0.015886,66007346.265353,15.149829,1707.519165,20.122648,0.000000
CPU AMAX-H100,[CPU] HRMQ,4,67108864,0,524288,-3,0.018497,113380854.252129,8.819831,1675.340698,20.122648,0.000000
CPU AMAX-H100,[CPU] HRMQ,4,67108864,0,524288,-3,0.020061,104536625.535988,9.566025,1703.877808,20.122648,0.000000
CPU AMAX-H100,[CPU] HRMQ,4,67108864,0,524288,-3,0.017803,117796643.016094,8.489206,1764.254639,20.122648,0.000000
CPU AMAX-H100,[CPU] HRMQ,4,67108864,0,524288,-3,0.018349,114292352.043748,8.749492,1705.192627,20.122648,0.000000
CPU AMAX-H100,[CPU] HRMQ,4,67108864,0,1048576,-3,0.024801,169119430.475153,5.912981,1707.231934,20.122648,0.000000
CPU AMAX-H100,[CPU] HRMQ,4,67108864,0,1048576,-3,0.022319,187927929.380183,5.321189,1722.539429,20.122648,0.000000
CPU AMAX-H100,[CPU] HRMQ,4,67108864,0,1048576,-3,0.023079,181738210.120868,5.502420,1670.579834,20.122648,0.000000
CPU AMAX-H100,[CPU] HRMQ,4,67108864,0,1048576,-3,0.020008,209629894.713522,4.770312,1720.111328,20.122648,0.000000
CPU AMAX-H100,[CPU] HRMQ,4,67108864,0,2097152,-3,0.031975,262349802.067817,3.811705,1710.589111,20.122648,0.000000
CPU AMAX-H100,[CPU] HRMQ,4,67108864,0,2097152,-3,0.031772,264024312.978483,3.787530,1699.520630,20.122648,0.000000
CPU AMAX-H100,[CPU] HRMQ,4,67108864,0,2097152,-3,0.031981,262299686.156437,3.812433,1706.196777,20.122648,0.000000
CPU AMAX-H100,[CPU] HRMQ,4,67108864,0,2097152,-3,0.029391,285418371.734872,3.503629,1708.657349,20.122648,0.000000
CPU AMAX-H100,[CPU] HRMQ,4,67108864,0,4194304,-3,0.052322,320655929.917808,3.118608,1680.859497,20.122648,0.000000
CPU AMAX-H100,[CPU] HRMQ,4,67108864,0,4194304,-3,0.055837,300467216.190024,3.328150,1717.135742,20.122648,0.000000
CPU AMAX-H100,[CPU] HRMQ,4,67108864,0,4194304,-3,0.051960,322886936.300397,3.097059,1689.503906,20.122648,0.000000
CPU AMAX-H100,[CPU] HRMQ,4,67108864,0,4194304,-3,0.054678,306834296.170102,3.259088,1682.402710,20.122648,0.000000
CPU AMAX-H100,[CPU] HRMQ,4,67108864,0,8388608,-3,0.090696,369967231.672831,2.702942,1711.332642,20.122648,0.000000
CPU AMAX-H100,[CPU] HRMQ,4,67108864,0,8388608,-3,0.091820,365435676.988523,2.736460,1664.367188,20.122648,0.000000
CPU AMAX-H100,[CPU] HRMQ,4,67108864,0,8388608,-3,0.101528,330494937.694999,3.025765,1732.829712,20.122648,0.000000
CPU AMAX-H100,[CPU] HRMQ,4,67108864,0,8388608,-3,0.090922,369047164.459204,2.709681,1682.218140,20.122648,0.000000
CPU AMAX-H100,[CPU] HRMQ,4,67108864,0,16777216,-3,0.166229,403713214.556250,2.477006,1685.319702,20.122648,0.000000
CPU AMAX-H100,[CPU] HRMQ,4,67108864,0,16777216,-3,0.170489,393625457.175650,2.540486,1710.115845,20.122648,0.000000
CPU AMAX-H100,[CPU] HRMQ,4,67108864,0,16777216,-3,0.167360,400985632.968365,2.493855,1686.107544,20.122648,0.000000
CPU AMAX-H100,[CPU] HRMQ,4,67108864,0,16777216,-3,0.165920,404464894.933951,2.472402,1700.268555,20.122648,0.000000
CPU AMAX-H100,[CPU] HRMQ,4,67108864,0,33554432,-3,0.312691,429234871.178101,2.329727,1719.441040,20.122648,0.000000
CPU AMAX-H100,[CPU] HRMQ,4,67108864,0,33554432,-3,0.307702,436193881.776443,2.292559,1702.004272,20.122648,0.000000
CPU AMAX-H100,[CPU] HRMQ,4,67108864,0,33554432,-3,0.312924,428914929.953803,2.331465,1668.844238,20.122648,0.000000
CPU AMAX-H100,[CPU] HRMQ,4,67108864,0,33554432,-3,0.311008,431556696.373637,2.317193,1710.574463,20.122648,0.000000
CPU AMAX-H100,[CPU] HRMQ,4,67108864,0,67108864,-3,0.603614,444713757.334868,2.248637,1680.636719,20.122648,0.000000
CPU AMAX-H100,[CPU] HRMQ,4,67108864,0,67108864,-3,0.606772,442399011.634327,2.260403,1702.980103,20.122648,0.000000
CPU AMAX-H100,[CPU] HRMQ,4,67108864,0,67108864,-3,0.673905,398328064.261466,2.510493,1682.973267,20.122648,0.000000
CPU AMAX-H100,[CPU] HRMQ,4,67108864,0,67108864,-3,0.613170,437783056.512039,2.284236,1668.947388,20.122648,0.000000
